USE [Clinic]
GO
/*** People Data ***/
INSERT [dbo].[people] ( [lastName], [firstName], [dateOfBirth], [streetAddress], [city], [state], [zip], [phoneNumber]) VALUES (N'AnderAven', N'Keaton', '1953-06-12', N'215 Court', N'Auburn', N'Al', N'30332', N'999-999-9990')
INSERT [dbo].[people] ( [lastName], [firstName], [dateOfBirth], [streetAddress], [city], [state], [zip], [phoneNumber]) VALUES (N'AnderAven', N'Ryan', '1962-08-02', N'253 Road', N'Daphne', N'AL', N'30332', N'999-999-9990')
INSERT [dbo].[people] ( [lastName], [firstName], [dateOfBirth], [streetAddress], [city], [state], [zip], [phoneNumber]) VALUES (N'Averett', N'Anthony', '1976-10-28', N'183 Court', N'Woodbury', N'NU', N'30332', N'999-999-9990')
INSERT [dbo].[people] ( [lastName], [firstName], [dateOfBirth], [streetAddress], [city], [state], [zip], [phoneNumber]) VALUES (N'Bateman', N'Cooper', '1969-03-12', N'220 Court', N'Murray', N'UT', N'30332', N'999-999-9990')
INSERT [dbo].[people] ( [lastName], [firstName], [dateOfBirth], [streetAddress], [city], [state], [zip], [phoneNumber]) VALUES (N'Brown', N'Tony', '1992-03-14', N'900 Birdy Road', N'Atlanta', N'GA', N'30332', N'212-212-1221')
INSERT [dbo].[people] ( [lastName], [firstName], [dateOfBirth], [streetAddress], [city], [state], [zip], [phoneNumber]) VALUES (N'Carter', N'Shyheim', '1988-04-12', N'190 Court', N'Kentwood', N'LA', N'30332', N'999-999-9990')
INSERT [dbo].[people] ( [lastName], [firstName], [dateOfBirth], [streetAddress], [city], [state], [zip], [phoneNumber]) VALUES (N'Clark', N'Ronnie', '1987-01-21', N'215 Ave', N'Calera', N'AL', N'30332', N'999-999-9990')
INSERT [dbo].[people] ( [lastName], [firstName], [dateOfBirth], [streetAddress], [city], [state], [zip], [phoneNumber]) VALUES (N'Cornwell', N'David', '1978-12-29', N'228 Ave', N'Norman', N'OK', N'30332', N'999-999-9990')
INSERT [dbo].[people] ( [lastName], [firstName], [dateOfBirth], [streetAddress], [city], [state], [zip], [phoneNumber]) VALUES (N'Davis', N'Ben', '1994-11-14', N'701 Maple Drive', N'Griffin', N'GA', N'30332', N'770-888-9999')
INSERT [dbo].[people] ( [lastName], [firstName], [dateOfBirth], [streetAddress], [city], [state], [zip], [phoneNumber]) VALUES (N'Dieter', N'Gehrig', '1980-02-18', N'207 Road', N'Aveuth Bend', N'IN', N'30332', N'999-999-9990')
INSERT [dbo].[people] ( [lastName], [firstName], [dateOfBirth], [streetAddress], [city], [state], [zip], [phoneNumber]) VALUES (N'Diggs', N'Trevon', '1985-07-21', N'195	Court', N'Gaithersburg', N'MD', N'30332', N'999-999-9990')
INSERT [dbo].[people] ( [lastName], [firstName], [dateOfBirth], [streetAddress], [city], [state], [zip], [phoneNumber]) VALUES (N'Dion Hamilton', N'Shaun', '1965-11-22', N'232 Court', N'Montgomery', N'AL', N'30332', N'999-999-9990')
INSERT [dbo].[people] ( [lastName], [firstName], [dateOfBirth], [streetAddress], [city], [state], [zip], [phoneNumber]) VALUES (N'Emmons', N'B.J.', '1984-10-13', N'206	Court', N'Morganton', N'NC', N'30332', N'999-999-9990')
INSERT [dbo].[people] ( [lastName], [firstName], [dateOfBirth], [streetAddress], [city], [state], [zip], [phoneNumber]) VALUES (N'Evans', N'Rashaan', '1982-07-21', N'231 Court', N'Auburn', N'AL', N'30332', N'999-999-9990')
INSERT [dbo].[people] ( [lastName], [firstName], [dateOfBirth], [streetAddress], [city], [state], [zip], [phoneNumber]) VALUES (N'Fitzpatrick', N'Minkah', '1985-01-09', N'203 Ave', N'Old Bridge', N'NU', N'30332', N'999-999-9990')
INSERT [dbo].[people] ( [lastName], [firstName], [dateOfBirth], [streetAddress], [city], [state], [zip], [phoneNumber]) VALUES (N'Fost', N'Rober', '1993-09-11', N'800 Cowboy Lane', N'Little Rock', N'GA', N'30332', N'888-777-6666')
INSERT [dbo].[people] ( [lastName], [firstName], [dateOfBirth], [streetAddress], [city], [state], [zip], [phoneNumber]) VALUES (N'Foster', N'Reuben', '1981-03-13', N'236 Road', N'Auburn', N'AL', N'30332', N'999-999-9990')
INSERT [dbo].[people] ( [lastName], [firstName], [dateOfBirth], [streetAddress], [city], [state], [zip], [phoneNumber]) VALUES (N'Gore', N'Derrick', '1977-03-29', N'210	Court', N'Syracuse', N'NY', N'30332', N'999-999-9990')
INSERT [dbo].[people] ( [lastName], [firstName], [dateOfBirth], [streetAddress], [city], [state], [zip], [phoneNumber]) VALUES (N'Hall', N'Terrell', '1980-06-28', N'247	Court', N'Washington', N'DC', N'30332', N'999-999-9990')
INSERT [dbo].[people] ( [lastName], [firstName], [dateOfBirth], [streetAddress], [city], [state], [zip], [phoneNumber]) VALUES (N'Hand', N'DaShawn', '1983-05-24', N'280	Court', N'Woodridge', N'VA', N'30332', N'999-999-9990')
INSERT [dbo].[people] ( [lastName], [firstName], [dateOfBirth], [streetAddress], [city], [state], [zip], [phoneNumber]) VALUES (N'HarriAven', N'Ronnie', '1974-08-21', N'216	Ave', N'Tallahassee', N'FL', N'30332', N'999-999-9990')
INSERT [dbo].[people] ( [lastName], [firstName], [dateOfBirth], [streetAddress], [city], [state], [zip], [phoneNumber]) VALUES (N'Harris', N'Damien', '1971-10-05', N'214	Ave', N'Berea', N'KY', N'30332', N'999-999-9990')
INSERT [dbo].[people] ( [lastName], [firstName], [dateOfBirth], [streetAddress], [city], [state], [zip], [phoneNumber]) VALUES (N'Humphrey', N'Marlon', '1968-04-21', N'196	Ave', N'Hoover', N'AL', N'30332', N'999-999-9990')
INSERT [dbo].[people] ( [lastName], [firstName], [dateOfBirth], [streetAddress], [city], [state], [zip], [phoneNumber]) VALUES (N'Hurts', N'Jalen', '1991-05-05', N'209	FR', N'Channelview', N'TX', N'30332', N'111-111-1111')
INSERT [dbo].[people] ( [lastName], [firstName], [dateOfBirth], [streetAddress], [city], [state], [zip], [phoneNumber]) VALUES (N'JackAven', N'Eddie', '1989-10-21', N'194 Road ', N'Lauderdale Lakes', N'FL', N'30332', N'999-999-9990')
INSERT [dbo].[people] ( [lastName], [firstName], [dateOfBirth], [streetAddress], [city], [state], [zip], [phoneNumber]) VALUES (N'Jacobs', N'Joshua', '1989-05-27', N'204 Court', N'Tulsa', N'OK', N'30332', N'999-999-9990')
INSERT [dbo].[people] ( [lastName], [firstName], [dateOfBirth], [streetAddress], [city], [state], [zip], [phoneNumber]) VALUES (N'Jennings', N'Anfernee', '1972-07-08', N'264 Court', N'Dadeville', N'AL', N'30332', N'999-999-9990')
INSERT [dbo].[people] ( [lastName], [firstName], [dateOfBirth], [streetAddress], [city], [state], [zip], [phoneNumber]) VALUES (N'Jennings', N'Shawn', '1968-02-21', N'200 Court', N'Dadeville', N'AL', N'30332', N'999-999-9990')
INSERT [dbo].[people] ( [lastName], [firstName], [dateOfBirth], [streetAddress], [city], [state], [zip], [phoneNumber]) VALUES (N'Jones', N'Hootie', '1986-08-03', N'215	Court', N'Monroe', N'LA', N'30332', N'999-999-9990')
INSERT [dbo].[people] ( [lastName], [firstName], [dateOfBirth], [streetAddress], [city], [state], [zip], [phoneNumber]) VALUES (N'Knott', N'Nigel', '1977-11-09', N'175	Court', N'MaidAven', N'MS', N'30332', N'999-999-9990')
INSERT [dbo].[people] ( [lastName], [firstName], [dateOfBirth], [streetAddress], [city], [state], [zip], [phoneNumber]) VALUES (N'Lewis', N'Rogria', '1963-09-14', N'196	Court', N'Birmingham', N'AL', N'30332', N'999-999-9990')
INSERT [dbo].[people] ( [lastName], [firstName], [dateOfBirth], [streetAddress], [city], [state], [zip], [phoneNumber]) VALUES (N'Marks', N'Torin', '1979-10-07', N'175	Court', N'Rosenberg', N'TX', N'30332', N'999-999-9990')
INSERT [dbo].[people] ( [lastName], [firstName], [dateOfBirth], [streetAddress], [city], [state], [zip], [phoneNumber]) VALUES (N'Marks', N'Xavian', '1967-01-08', N'166	Ave', N'Rosenberg', N'TX', N'30332', N'999-999-9990')
INSERT [dbo].[people] ( [lastName], [firstName], [dateOfBirth], [streetAddress], [city], [state], [zip], [phoneNumber]) VALUES (N'Mayden', N'Jared', '1984-06-09', N'200	Court', N'Sachse', N'TX', N'30332', N'999-999-9990')
INSERT [dbo].[people] ( [lastName], [firstName], [dateOfBirth], [streetAddress], [city], [state], [zip], [phoneNumber]) VALUES (N'Morris', N'Alec', '1979-01-25', N'233	Road', N'Allen', N'TX', N'30332', N'999-999-9990')
INSERT [dbo].[people] ( [lastName], [firstName], [dateOfBirth], [streetAddress], [city], [state], [zip], [phoneNumber]) VALUES (N'Mosley', N'Jamey', '1972-06-09', N'228	Ave', N'Mobil', N'AL', N'30332', N'999-999-9990')
INSERT [dbo].[people] ( [lastName], [firstName], [dateOfBirth], [streetAddress], [city], [state], [zip], [phoneNumber]) VALUES (N'Murphy', N'Montana', '1966-12-09', N'201	Court', N'Trophy Club', N'rt', N'30332', N'999-999-9990')
INSERT [dbo].[people] ( [lastName], [firstName], [dateOfBirth], [streetAddress], [city], [state], [zip], [phoneNumber]) VALUES (N'Ridley', N'Calvin', '1990-07-03', N'188 SO', N'Coconut Creek', N'FL', N'30332', N'898-900-9999')
INSERT [dbo].[people] ( [lastName], [firstName], [dateOfBirth], [streetAddress], [city], [state], [zip], [phoneNumber]) VALUES (N'RobinAven', N'Aaron', '1961-07-09', N'181 Court', N'Deerfield Beach', N'FL', N'30332', N'999-999-9990')
INSERT [dbo].[people] ( [lastName], [firstName], [dateOfBirth], [streetAddress], [city], [state], [zip], [phoneNumber]) VALUES (N'Scarbrough', N'Bo', '1982-04-04', N'228 Ave', N'Northport', N'AL', N'30332', N'999-999-9990')
INSERT [dbo].[people] ( [lastName], [firstName], [dateOfBirth], [streetAddress], [city], [state], [zip], [phoneNumber]) VALUES (N'Scott', N'JK', '1973-07-22', N'202	Court', N'Denver', N'CO', N'30332', N'999-999-9990')
INSERT [dbo].[people] ( [lastName], [firstName], [dateOfBirth], [streetAddress], [city], [state], [zip], [phoneNumber]) VALUES (N'Simmons', N'T.J.', '1971-05-11', N'201	Court', N'PinAven', N'AL', N'30332', N'999-999-9990')
INSERT [dbo].[people] ( [lastName], [firstName], [dateOfBirth], [streetAddress], [city], [state], [zip], [phoneNumber]) VALUES (N'Sims', N'Cam', '1970-04-17', N'203	Court', N'Monroe', N'LA', N'30332', N'999-999-9990')
INSERT [dbo].[people] ( [lastName], [firstName], [dateOfBirth], [streetAddress], [city], [state], [zip], [phoneNumber]) VALUES (N'Staskelunas', N'Nate', '1970-09-08', N'207	Road', N'Greenville', N'NC', N'30332', N'999-999-9990')
INSERT [dbo].[people] ( [lastName], [firstName], [dateOfBirth], [streetAddress], [city], [state], [zip], [phoneNumber]) VALUES (N'Stewart', N'ArDarius', '1976-10-28', N'204	Court', N'Fultondale', N'AL', N'30332', N'999-999-9990')
INSERT [dbo].[people] ( [lastName], [firstName], [dateOfBirth], [streetAddress], [city], [state], [zip], [phoneNumber]) VALUES (N'ThompAven', N'Deionte', '1975-09-07', N'190 Court', N'Orange', N'TX', N'30332', N'999-999-9990')
INSERT [dbo].[people] ( [lastName], [firstName], [dateOfBirth], [streetAddress], [city], [state], [zip], [phoneNumber]) VALUES (N'WilAven', N'Mack', '1974-05-11', N'244	Court', N'Montgomery', N'AL', N'30332', N'999-999-9990')
INSERT [dbo].[people] ( [lastName], [firstName], [dateOfBirth], [streetAddress], [city], [state], [zip], [phoneNumber]) VALUES (N'Woods', N'Thomas', '1989-05-21', N'165	Court', N'Birmingham', N'AL', N'30332', N'999-999-9990')

/*** Tests  ***/
INSERT [dbo].[tests]([testCode], [testName]) VALUES (N'DHEA', N'Dehydroepiandrosterone')
INSERT [dbo].[tests]([testCode], [testName]) VALUES (N'FLU', N'Flu Test')
INSERT [dbo].[tests]([testCode], [testName]) VALUES (N'HDL', N'High Density Lipoproteins')
INSERT [dbo].[tests]([testCode], [testName]) VALUES (N'HEPA-A', N'Hepatitis A Test')
INSERT [dbo].[tests]([testCode], [testName]) VALUES (N'HEPA-B', N'Hepatitis B Test')
INSERT [dbo].[tests]([testCode], [testName]) VALUES (N'LDL', N'Low Density Lipoproteins')
INSERT [dbo].[tests]([testCode], [testName]) VALUES (N'TSH', N'Thyroid Stimulating Hormone')
INSERT [dbo].[tests]([testCode], [testName]) VALUES (N'WBC', N'White Blood Cell')

/*** Employee Data ***/
INSERT [dbo].[clinicEmployees]([userName], [passwords])VALUES (N'aaverett9', N'somepasswords')
INSERT [dbo].[clinicEmployees]([userName], [passwords])VALUES (N'ajennings', N'somepasswords')
INSERT [dbo].[clinicEmployees]([userName], [passwords])VALUES (N'dgore9', N'somepasswords')
INSERT [dbo].[clinicEmployees]([userName], [passwords])VALUES (N'dhand9', N'somepasswords')
INSERT [dbo].[clinicEmployees]([userName], [passwords])VALUES (N'dharris9', N'somepasswords')
INSERT [dbo].[clinicEmployees]([userName], [passwords])VALUES (N'ejackaven9', N'somepasswords')
INSERT [dbo].[clinicEmployees]([userName], [passwords])VALUES (N'hjones9', N'somepasswords')
INSERT [dbo].[clinicEmployees]([userName], [passwords])VALUES (N'jjacobs9', N'somepasswords')
INSERT [dbo].[clinicEmployees]([userName], [passwords])VALUES (N'jmayden9', N'somepasswords')
INSERT [dbo].[clinicEmployees]([userName], [passwords])VALUES (N'mfitzpatrick9', N'somepasswords')
INSERT [dbo].[clinicEmployees]([userName], [passwords])VALUES (N'mhumphery9', N'somepasswords')
INSERT [dbo].[clinicEmployees]([userName], [passwords])VALUES (N'mwilaven9', N'somepasswords')
INSERT [dbo].[clinicEmployees]([userName], [passwords])VALUES (N'nstaskelunas9', N'somepasswords')
INSERT [dbo].[clinicEmployees]([userName], [passwords])VALUES (N'rclark9', N'somepasswords')
INSERT [dbo].[clinicEmployees]([userName], [passwords])VALUES (N'revans9', N'somepasswords')
INSERT [dbo].[clinicEmployees]([userName], [passwords])VALUES (N'scarter9', N'somepasswords')
INSERT [dbo].[clinicEmployees]([userName], [passwords])VALUES (N'tdiggs9', N'somepasswords')
INSERT [dbo].[clinicEmployees]([userName], [passwords])VALUES (N'thall9', N'somepasswords')
INSERT [dbo].[clinicEmployees]([userName], [passwords])VALUES (N'tmarks9', N'somepasswords')

/*** Doctor Data ***/
SET IDENTITY_INSERT [dbo].[doctors] ON

GO

INSERT [dbo].[doctors]([doctorID], [peopleID], [userName]) VALUES (1, 19, N'thall9')
INSERT [dbo].[doctors]([doctorID], [peopleID], [userName]) VALUES (2, 26, N'jjacobs9')
INSERT [dbo].[doctors]([doctorID], [peopleID], [userName]) VALUES (3, 23, N'mhumphery9')
INSERT [dbo].[doctors]([doctorID], [peopleID], [userName]) VALUES (4, 18, N'dgore9')
INSERT [dbo].[doctors]([doctorID], [peopleID], [userName]) VALUES (5, 3, N'aaverett9')
INSERT [dbo].[doctors]([doctorID], [peopleID], [userName]) VALUES (6, 15, N'mfitzpatrick9')

SET IDENTITY_INSERT [dbo].[doctors] OFF

GO

/*** Nurses Data ***/
SET IDENTITY_INSERT [dbo].[nurses] ON

GO

INSERT [dbo].[nurses]([nurseID], [peopleID], [userName]) VALUES (1, 25, N'ejackaven9')
INSERT [dbo].[nurses]([nurseID], [peopleID], [userName]) VALUES (2, 6, N'scarter9')
INSERT [dbo].[nurses]([nurseID], [peopleID], [userName]) VALUES (3, 7, N'rclark9')
INSERT [dbo].[nurses]([nurseID], [peopleID], [userName]) VALUES (4, 29, N'hjones9')
INSERT [dbo].[nurses]([nurseID], [peopleID], [userName]) VALUES (5, 11, N'tdiggs9')
INSERT [dbo].[nurses]([nurseID], [peopleID], [userName]) VALUES (6, 34, N'jmayden9')
INSERT [dbo].[nurses]([nurseID], [peopleID], [userName]) VALUES (7, 20, N'dhand9')

SET IDENTITY_INSERT [dbo].[nurses] OFF

GO

/*** Administrators Data ***/
SET IDENTITY_INSERT [dbo].[administrators] ON

GO

INSERT [dbo].[administrators]([adminID], [peopleID], [userName]) VALUES (1, 47, N'mwilaven9')
INSERT [dbo].[administrators]([adminID], [peopleID], [userName]) VALUES (2, 14, N'revans9')
INSERT [dbo].[administrators]([adminID], [peopleID], [userName]) VALUES (4, 22, N'dharris9')
INSERT [dbo].[administrators]([adminID], [peopleID], [userName]) VALUES (5, 44, N'nstaskelunas9')
INSERT [dbo].[administrators]([adminID], [peopleID], [userName]) VALUES (6, 32, N'tmarks9')

SET IDENTITY_INSERT [dbo].[administrators] OFF

GO
/*** Patients Data ***/
SET IDENTITY_INSERT [dbo].[patients] ON

GO
INSERT [dbo].[patients]([patientID], [peopleID]) VALUES (37, 1)
INSERT [dbo].[patients]([patientID], [peopleID]) VALUES (28, 2)
INSERT [dbo].[patients]([patientID], [peopleID]) VALUES (34, 3)
INSERT [dbo].[patients]([patientID], [peopleID]) VALUES (21, 4)
INSERT [dbo].[patients]([patientID], [peopleID]) VALUES (2, 6)
INSERT [dbo].[patients]([patientID], [peopleID]) VALUES (3, 7)
INSERT [dbo].[patients]([patientID], [peopleID]) VALUES (12, 8)
INSERT [dbo].[patients]([patientID], [peopleID]) VALUES (10, 10)
INSERT [dbo].[patients]([patientID], [peopleID]) VALUES (5, 11)
INSERT [dbo].[patients]([patientID], [peopleID]) VALUES (25, 12)
INSERT [dbo].[patients]([patientID], [peopleID]) VALUES (26, 13)
INSERT [dbo].[patients]([patientID], [peopleID]) VALUES (38, 14)
INSERT [dbo].[patients]([patientID], [peopleID]) VALUES (35, 15)
INSERT [dbo].[patients]([patientID], [peopleID]) VALUES (9, 16)
INSERT [dbo].[patients]([patientID], [peopleID]) VALUES (33, 18)
INSERT [dbo].[patients]([patientID], [peopleID]) VALUES (30, 19)
INSERT [dbo].[patients]([patientID], [peopleID]) VALUES (7, 20)
INSERT [dbo].[patients]([patientID], [peopleID]) VALUES (16, 21)
INSERT [dbo].[patients]([patientID], [peopleID]) VALUES (40, 22)
INSERT [dbo].[patients]([patientID], [peopleID]) VALUES (32, 23)
INSERT [dbo].[patients]([patientID], [peopleID]) VALUES (1, 25)
INSERT [dbo].[patients]([patientID], [peopleID]) VALUES (31, 26)
INSERT [dbo].[patients]([patientID], [peopleID]) VALUES (39, 27)
INSERT [dbo].[patients]([patientID], [peopleID]) VALUES (22, 28)
INSERT [dbo].[patients]([patientID], [peopleID]) VALUES (4, 29)
INSERT [dbo].[patients]([patientID], [peopleID]) VALUES (13, 30)
INSERT [dbo].[patients]([patientID], [peopleID]) VALUES (27, 31)
INSERT [dbo].[patients]([patientID], [peopleID]) VALUES (42, 32)
INSERT [dbo].[patients]([patientID], [peopleID]) VALUES (23, 33)
INSERT [dbo].[patients]([patientID], [peopleID]) VALUES (6, 34)
INSERT [dbo].[patients]([patientID], [peopleID]) VALUES (11, 35)
INSERT [dbo].[patients]([patientID], [peopleID]) VALUES (18, 36)
INSERT [dbo].[patients]([patientID], [peopleID]) VALUES (24, 37)
INSERT [dbo].[patients]([patientID], [peopleID]) VALUES (29, 39)
INSERT [dbo].[patients]([patientID], [peopleID]) VALUES (8, 40)
INSERT [dbo].[patients]([patientID], [peopleID]) VALUES (17, 41)
INSERT [dbo].[patients]([patientID], [peopleID]) VALUES (19, 42)
INSERT [dbo].[patients]([patientID], [peopleID]) VALUES (20, 43)
INSERT [dbo].[patients]([patientID], [peopleID]) VALUES (41, 44)
INSERT [dbo].[patients]([patientID], [peopleID]) VALUES (14, 45)
INSERT [dbo].[patients]([patientID], [peopleID]) VALUES (15, 46)
INSERT [dbo].[patients]([patientID], [peopleID]) VALUES (36, 47)

SET IDENTITY_INSERT [dbo].[patients] OFF

GO

/*** Appointment Data ***/
INSERT [dbo].[appointment]([date], [reasonForVisit], [doctorID], [patientID]) VALUES ('2016-01-10 13:00:00', N'Heart attack', 3, 10)
INSERT [dbo].[appointment]([date], [reasonForVisit], [doctorID], [patientID]) VALUES ('2010-10-10 13:00:00', N'Heart attack', 2, 1)
INSERT [dbo].[appointment]([date], [reasonForVisit], [doctorID], [patientID]) VALUES ('2010-12-10 13:00:00', N'Heart attack', 5, 32)
INSERT [dbo].[appointment]([date], [reasonForVisit], [doctorID], [patientID]) VALUES ('2011-09-10 13:00:00', N'Heart attack', 4, 11)
INSERT [dbo].[appointment]([date], [reasonForVisit], [doctorID], [patientID]) VALUES ('2011-10-10 13:00:00', N'Heart attack', 3, 2)
INSERT [dbo].[appointment]([date], [reasonForVisit], [doctorID], [patientID]) VALUES ('2016-06-20 15:20:00', N'Heart attack', 6, 22)
INSERT [dbo].[appointment]([date], [reasonForVisit], [doctorID], [patientID]) VALUES ('2012-10-10 10:00:00', N'Heart attack', 4, 3)
INSERT [dbo].[appointment]([date], [reasonForVisit], [doctorID], [patientID]) VALUES ('2016-05-20 13:00:00', N'Heart attack', 4, 31)
INSERT [dbo].[appointment]([date], [reasonForVisit], [doctorID], [patientID]) VALUES ('2013-06-10 13:00:00', N'Heart attack', 5, 21)
INSERT [dbo].[appointment]([date], [reasonForVisit], [doctorID], [patientID]) VALUES ('2013-10-10 15:00:00', N'Heart attack', 5, 4)
INSERT [dbo].[appointment]([date], [reasonForVisit], [doctorID], [patientID]) VALUES ('2013-12-10 13:00:00', N'Heart attack', 6, 34)
INSERT [dbo].[appointment]([date], [reasonForVisit], [doctorID], [patientID]) VALUES ('2014-02-10 13:00:00', N'Heart attack', 1, 20)
INSERT [dbo].[appointment]([date], [reasonForVisit], [doctorID], [patientID]) VALUES ('2014-10-10 14:00:00', N'Heart attack', 6, 5)
INSERT [dbo].[appointment]([date], [reasonForVisit], [doctorID], [patientID]) VALUES ('2015-03-10 13:00:00', N'Heart attack', 2, 19)
INSERT [dbo].[appointment]([date], [reasonForVisit], [doctorID], [patientID]) VALUES ('2015-10-10 11:00:00', N'Heart attack', 1, 6)
INSERT [dbo].[appointment]([date], [reasonForVisit], [doctorID], [patientID]) VALUES ('2016-02-10 13:00:00', N'Heart attack', 3, 30)
INSERT [dbo].[appointment]([date], [reasonForVisit], [doctorID], [patientID]) VALUES ('2016-10-10 13:00:00', N'Heart attack', 2, 9)
INSERT [dbo].[appointment]([date], [reasonForVisit], [doctorID], [patientID]) VALUES ('2014-05-13 13:02:00', N'Anxiety', 5, 13)
INSERT [dbo].[appointment]([date], [reasonForVisit], [doctorID], [patientID]) VALUES ('2015-01-15 9:00:00', N'Appendix', 6, 5)
INSERT [dbo].[appointment]([date], [reasonForVisit], [doctorID], [patientID]) VALUES ('2015-03-18 9:30:00', N'Colon', 1, 7)
INSERT [dbo].[appointment]([date], [reasonForVisit], [doctorID], [patientID]) VALUES ('2015-06-18 10:30:00', N'eye hurts', 2, 29)
INSERT [dbo].[appointment]([date], [reasonForVisit], [doctorID], [patientID]) VALUES ('2015-08-06 11:35:00', N'head hurts', 3, 27)
INSERT [dbo].[appointment]([date], [reasonForVisit], [doctorID], [patientID]) VALUES ('2015-09-20 14:15:00', N'foot', 4, 39)
INSERT [dbo].[appointment]([date], [reasonForVisit], [doctorID], [patientID]) VALUES ('2015-11-10 11:00:00', N'lips hurt', 5, 15)
INSERT [dbo].[appointment]([date], [reasonForVisit], [doctorID], [patientID]) VALUES ('2015-12-19 13:00:00', N'ear ', 6, 11)
INSERT [dbo].[appointment]([date], [reasonForVisit], [doctorID], [patientID]) VALUES ('2016-03-03 14:30:00', N'pancrease', 1, 37)
INSERT [dbo].[appointment]([date], [reasonForVisit], [doctorID], [patientID]) VALUES ('2016-05-02 10:00:00', N'Anxiety', 2, 35)
INSERT [dbo].[appointment]([date], [reasonForVisit], [doctorID], [patientID]) VALUES ('2016-07-14 11:05:00', N'Appendix', 3, 17)
INSERT [dbo].[appointment]([date], [reasonForVisit], [doctorID], [patientID]) VALUES ('2016-07-20 9:00:00', N'Heart attack', 4, 23)
INSERT [dbo].[appointment]([date], [reasonForVisit], [doctorID], [patientID]) VALUES ('2016-08-23 10:00:00', N'flu like symptoms', 5, 9)
INSERT [dbo].[appointment]([date], [reasonForVisit], [doctorID], [patientID]) VALUES ('2015-02-10 9:00:00', N'baby', 4, 6)
INSERT [dbo].[appointment]([date], [reasonForVisit], [doctorID], [patientID]) VALUES ('2016-08-28 10:00:00', N'stomach', 3, 8)
INSERT [dbo].[appointment]([date], [reasonForVisit], [doctorID], [patientID]) VALUES ('2016-08-08 11:00:00', N'leopracy', 2, 12)
INSERT [dbo].[appointment]([date], [reasonForVisit], [doctorID], [patientID]) VALUES ('2016-07-29 10:00:00', N'Heart attack', 1, 14)
INSERT [dbo].[appointment]([date], [reasonForVisit], [doctorID], [patientID]) VALUES ('2016-10-07 15:00:00', N'cough', 1, 42)
INSERT [dbo].[appointment]([date], [reasonForVisit], [doctorID], [patientID]) VALUES ('2016-07-12 12:00:00', N'lungs', 2, 41)
INSERT [dbo].[appointment]([date], [reasonForVisit], [doctorID], [patientID]) VALUES ('2016-06-09 9:15:00', N'busted head', 3, 40)
INSERT [dbo].[appointment]([date], [reasonForVisit], [doctorID], [patientID]) VALUES ('2016-07-19 11:15:00', N'Heart attack', 4, 16)
INSERT [dbo].[appointment]([date], [reasonForVisit], [doctorID], [patientID]) VALUES ('2016-02-20 10:10:10', N'stroke', 5, 18)
INSERT [dbo].[appointment]([date], [reasonForVisit], [doctorID], [patientID]) VALUES ('2016-06-29 15:30:00', N'Heart attack', 3, 20)
INSERT [dbo].[appointment]([date], [reasonForVisit], [doctorID], [patientID]) VALUES ('2016-08-20 16:00:00', N'low sugar', 6, 24)
INSERT [dbo].[appointment]([date], [reasonForVisit], [doctorID], [patientID]) VALUES ('2016-09-20 15:20:00', N'Colon', 6, 25)
INSERT [dbo].[appointment]([date], [reasonForVisit], [doctorID], [patientID]) VALUES ('2016-10-20 16:00:00', N'Anxiety', 6, 26)
INSERT [dbo].[appointment]([date], [reasonForVisit], [doctorID], [patientID]) VALUES ('2016-08-20 13:00:00', N'head hurts', 6, 28)
INSERT [dbo].[appointment]([date], [reasonForVisit], [doctorID], [patientID]) VALUES ('2016-06-20 9:00:00', N'stomach', 6, 30)
INSERT [dbo].[appointment]([date], [reasonForVisit], [doctorID], [patientID]) VALUES ('2016-01-23 8:00:00', N'Anxiety', 1, 32)
INSERT [dbo].[appointment]([date], [reasonForVisit], [doctorID], [patientID]) VALUES ('2016-02-26 10:00:00', N'toe hurts', 2, 33)
INSERT [dbo].[appointment]([date], [reasonForVisit], [doctorID], [patientID]) VALUES ('2016-03-29 11:00:00', N'Anxiety', 3, 34)
INSERT [dbo].[appointment]([date], [reasonForVisit], [doctorID], [patientID]) VALUES ('2016-02-01 12:00:00', N'Heart attack', 4, 36)
INSERT [dbo].[appointment]([date], [reasonForVisit], [doctorID], [patientID]) VALUES ('2016-06-05 13:00:00', N'Heart attack', 4, 36)
INSERT [dbo].[appointment]([date], [reasonForVisit], [doctorID], [patientID]) VALUES ('2016-04-05 12:00:00', N'fingerietise', 5, 38)
INSERT [dbo].[appointment]([date], [reasonForVisit], [doctorID], [patientID]) VALUES ('2016-08-11 14:00:00', N'Anxiety', 5, 38)

/*** Vitals Data ***/
INSERT [dbo].[vitals]([appointment_date], [appointment_doctorID], [appointment_patientID], [nurses_nurseID], [systolic], [diastolic], [temperature], [pulse], [symptoms], [diagnosis]) VALUES ('2016-01-10 13:00:00', 3, 10, 1, N'90', N'70', N'98', N'75', N'nausea', N'stomach bug')
INSERT [dbo].[vitals]([appointment_date], [appointment_doctorID], [appointment_patientID], [nurses_nurseID], [systolic], [diastolic], [temperature], [pulse], [symptoms], [diagnosis]) VALUES ('2010-10-10 13:00:00', 2, 1, 2, N'120', N'80', N'99', N'88', N'beating chest', N'heart attack')
INSERT [dbo].[vitals]([appointment_date], [appointment_doctorID], [appointment_patientID], [nurses_nurseID], [systolic], [diastolic], [temperature], [pulse], [symptoms], [diagnosis]) VALUES ('2010-12-10 13:00:00', 5, 32, 3, N'130', N'90', N'97', N'80', N'painful rash', N'funk')
INSERT [dbo].[vitals]([appointment_date], [appointment_doctorID], [appointment_patientID], [nurses_nurseID], [systolic], [diastolic], [temperature], [pulse], [symptoms], [diagnosis]) VALUES ('2011-09-10 13:00:00', 4, 11, 4, N'140', N'110', N'98', N'100', N'fever and chills', N'flu')
INSERT [dbo].[vitals]([appointment_date], [appointment_doctorID], [appointment_patientID], [nurses_nurseID], [systolic], [diastolic], [temperature], [pulse], [symptoms], [diagnosis]) VALUES ('2011-10-10 13:00:00', 3, 2, 5, N'90', N'70', N'98', N'76', N'headache', N'headache')
INSERT [dbo].[vitals]([appointment_date], [appointment_doctorID], [appointment_patientID], [nurses_nurseID], [systolic], [diastolic], [temperature], [pulse], [symptoms], [diagnosis]) VALUES ('2016-06-20 15:20:00', 6, 22, 6, N'120', N'70', N'99', N'56', N'abdominal pain', N'stomach bug')
INSERT [dbo].[vitals]([appointment_date], [appointment_doctorID], [appointment_patientID], [nurses_nurseID], [systolic], [diastolic], [temperature], [pulse], [symptoms], [diagnosis]) VALUES ('2012-10-10 10:00:00', 4, 3, 7, N'130', N'80', N'98', N'110', N'Fatigue', N'needs sleep')
INSERT [dbo].[vitals]([appointment_date], [appointment_doctorID], [appointment_patientID], [nurses_nurseID], [systolic], [diastolic], [temperature], [pulse], [symptoms], [diagnosis]) VALUES ('2016-05-20 13:00:00', 4, 31, 1, N'140', N'70', N'99', N'150', N'nausea', N'stomach bug')
INSERT [dbo].[vitals]([appointment_date], [appointment_doctorID], [appointment_patientID], [nurses_nurseID], [systolic], [diastolic], [temperature], [pulse], [symptoms], [diagnosis]) VALUES ('2013-06-10 13:00:00', 5, 21, 2, N'90', N'80', N'97', N'75', N'beating chest', N'heart attack')
INSERT [dbo].[vitals]([appointment_date], [appointment_doctorID], [appointment_patientID], [nurses_nurseID], [systolic], [diastolic], [temperature], [pulse], [symptoms], [diagnosis]) VALUES ('2013-10-10 15:00:00', 5, 4, 3, N'120', N'90', N'98', N'75', N'painful rash', N'funk')
INSERT [dbo].[vitals]([appointment_date], [appointment_doctorID], [appointment_patientID], [nurses_nurseID], [systolic], [diastolic], [temperature], [pulse], [symptoms], [diagnosis]) VALUES ('2013-12-10 13:00:00', 6, 34, 4, N'130', N'110', N'98', N'88', N'fever and chills', N'flu')
INSERT [dbo].[vitals]([appointment_date], [appointment_doctorID], [appointment_patientID], [nurses_nurseID], [systolic], [diastolic], [temperature], [pulse], [symptoms], [diagnosis]) VALUES ('2014-02-10 13:00:00', 1, 20, 5, N'140', N'70', N'99', N'80', N'headache', N'headache')
INSERT [dbo].[vitals]([appointment_date], [appointment_doctorID], [appointment_patientID], [nurses_nurseID], [systolic], [diastolic], [temperature], [pulse], [symptoms], [diagnosis]) VALUES ('2014-10-10 14:00:00', 6, 5, 6, N'90', N'70', N'98', N'100', N'abdominal pain', N'stomach bug')
INSERT [dbo].[vitals]([appointment_date], [appointment_doctorID], [appointment_patientID], [nurses_nurseID], [systolic], [diastolic], [temperature], [pulse], [symptoms], [diagnosis]) VALUES ('2015-03-10 13:00:00', 2, 19, 7, N'120', N'80', N'99', N'76', N'Fatigue', N'needs sleep')
INSERT [dbo].[vitals]([appointment_date], [appointment_doctorID], [appointment_patientID], [nurses_nurseID], [systolic], [diastolic], [temperature], [pulse], [symptoms], [diagnosis]) VALUES ('2015-10-10 11:00:00', 1, 6, 1, N'130', N'70', N'97', N'56', N'nausea', N'stomach bug')
INSERT [dbo].[vitals]([appointment_date], [appointment_doctorID], [appointment_patientID], [nurses_nurseID], [systolic], [diastolic], [temperature], [pulse], [symptoms], [diagnosis]) VALUES ('2016-02-10 13:00:00', 3, 30, 2, N'140', N'80', N'98', N'110', N'beating chest', N'heart attack')
INSERT [dbo].[vitals]([appointment_date], [appointment_doctorID], [appointment_patientID], [nurses_nurseID], [systolic], [diastolic], [temperature], [pulse], [symptoms], [diagnosis]) VALUES ('2016-10-10 13:00:00', 2, 9, 3, N'90', N'90', N'98', N'150', N'painful rash', N'funk')
INSERT [dbo].[vitals]([appointment_date], [appointment_doctorID], [appointment_patientID], [nurses_nurseID], [systolic], [diastolic], [temperature], [pulse], [symptoms], [diagnosis]) VALUES ('2014-05-13 13:02:00', 5, 13, 4, N'120', N'110', N'99', N'75', N'fever and chills', N'flu')
INSERT [dbo].[vitals]([appointment_date], [appointment_doctorID], [appointment_patientID], [nurses_nurseID], [systolic], [diastolic], [temperature], [pulse], [symptoms], [diagnosis]) VALUES ('2015-01-15 9:00:00', 6, 5, 5, N'130', N'70', N'98', N'75', N'headache', N'headache')
INSERT [dbo].[vitals]([appointment_date], [appointment_doctorID], [appointment_patientID], [nurses_nurseID], [systolic], [diastolic], [temperature], [pulse], [symptoms], [diagnosis]) VALUES ('2015-03-18 9:30:00', 1, 7, 6, N'140', N'70', N'99', N'88', N'abdominal pain', N'stomach bug')
INSERT [dbo].[vitals]([appointment_date], [appointment_doctorID], [appointment_patientID], [nurses_nurseID], [systolic], [diastolic], [temperature], [pulse], [symptoms], [diagnosis]) VALUES ('2015-06-18 10:30:00', 2, 29, 7, N'90', N'80', N'97', N'80', N'Fatigue', N'needs sleep')
INSERT [dbo].[vitals]([appointment_date], [appointment_doctorID], [appointment_patientID], [nurses_nurseID], [systolic], [diastolic], [temperature], [pulse], [symptoms], [diagnosis]) VALUES ('2015-08-06 11:35:00', 3, 27, 1, N'120', N'70', N'98', N'100', N'nausea', N'stomach bug')
INSERT [dbo].[vitals]([appointment_date], [appointment_doctorID], [appointment_patientID], [nurses_nurseID], [systolic], [diastolic], [temperature], [pulse], [symptoms], [diagnosis]) VALUES ('2015-09-20 14:15:00', 4, 39, 2, N'130', N'80', N'98', N'76', N'beating chest', N'heart attack')
INSERT [dbo].[vitals]([appointment_date], [appointment_doctorID], [appointment_patientID], [nurses_nurseID], [systolic], [diastolic], [temperature], [pulse], [symptoms], [diagnosis]) VALUES ('2015-11-10 11:00:00', 5, 15, 3, N'140', N'90', N'99', N'56', N'painful rash', N'funk')
INSERT [dbo].[vitals]([appointment_date], [appointment_doctorID], [appointment_patientID], [nurses_nurseID], [systolic], [diastolic], [temperature], [pulse], [symptoms], [diagnosis]) VALUES ('2015-12-19 13:00:00', 6, 11, 4, N'90', N'110', N'98', N'110', N'fever and chills', N'flu')
INSERT [dbo].[vitals]([appointment_date], [appointment_doctorID], [appointment_patientID], [nurses_nurseID], [systolic], [diastolic], [temperature], [pulse], [symptoms], [diagnosis]) VALUES ('2016-03-03 14:30:00', 1, 37, 5, N'120', N'70', N'99', N'150', N'headache', N'headache')
INSERT [dbo].[vitals]([appointment_date], [appointment_doctorID], [appointment_patientID], [nurses_nurseID], [systolic], [diastolic], [temperature], [pulse], [symptoms], [diagnosis]) VALUES ('2016-05-02 10:00:00', 2, 35, 6, N'130', N'70', N'97', N'75', N'abdominal pain', N'stomach bug')
INSERT [dbo].[vitals]([appointment_date], [appointment_doctorID], [appointment_patientID], [nurses_nurseID], [systolic], [diastolic], [temperature], [pulse], [symptoms], [diagnosis]) VALUES ('2016-07-14 11:05:00', 3, 17, 7, N'140', N'80', N'98', N'75', N'Fatigue', N'needs sleep')
INSERT [dbo].[vitals]([appointment_date], [appointment_doctorID], [appointment_patientID], [nurses_nurseID], [systolic], [diastolic], [temperature], [pulse], [symptoms], [diagnosis]) VALUES ('2016-07-20 9:00:00', 4, 23, 1, N'90', N'70', N'98', N'88', N'nausea', N'stomach bug')
INSERT [dbo].[vitals]([appointment_date], [appointment_doctorID], [appointment_patientID], [nurses_nurseID], [systolic], [diastolic], [temperature], [pulse], [symptoms], [diagnosis]) VALUES ('2016-08-23 10:00:00', 5, 9, 2, N'120', N'80', N'99', N'80', N'beating chest', N'heart attack')
INSERT [dbo].[vitals]([appointment_date], [appointment_doctorID], [appointment_patientID], [nurses_nurseID], [systolic], [diastolic], [temperature], [pulse], [symptoms], [diagnosis]) VALUES ('2015-02-10 9:00:00', 4, 6, 3, N'130', N'90', N'98', N'100', N'painful rash', N'funk')
INSERT [dbo].[vitals]([appointment_date], [appointment_doctorID], [appointment_patientID], [nurses_nurseID], [systolic], [diastolic], [temperature], [pulse], [symptoms], [diagnosis]) VALUES ('2016-08-28 10:00:00', 3, 8, 4, N'140', N'110', N'99', N'76', N'fever and chills', N'flu')
INSERT [dbo].[vitals]([appointment_date], [appointment_doctorID], [appointment_patientID], [nurses_nurseID], [systolic], [diastolic], [temperature], [pulse], [symptoms], [diagnosis]) VALUES ('2016-08-08 11:00:00', 2, 12, 5, N'90', N'70', N'97', N'56', N'headache', N'headache')
INSERT [dbo].[vitals]([appointment_date], [appointment_doctorID], [appointment_patientID], [nurses_nurseID], [systolic], [diastolic], [temperature], [pulse], [symptoms], [diagnosis]) VALUES ('2016-07-29 10:00:00', 1, 14, 6, N'120', N'70', N'98', N'110', N'abdominal pain', N'stomach bug')
INSERT [dbo].[vitals]([appointment_date], [appointment_doctorID], [appointment_patientID], [nurses_nurseID], [systolic], [diastolic], [temperature], [pulse], [symptoms], [diagnosis]) VALUES ('2016-10-07 15:00:00', 1, 42, 7, N'130', N'80', N'98', N'150', N'Fatigue', N'needs sleep')
INSERT [dbo].[vitals]([appointment_date], [appointment_doctorID], [appointment_patientID], [nurses_nurseID], [systolic], [diastolic], [temperature], [pulse], [symptoms], [diagnosis]) VALUES ('2016-07-12 12:00:00', 2, 41, 1, N'140', N'70', N'99', N'75', N'nausea', N'stomach bug')
INSERT [dbo].[vitals]([appointment_date], [appointment_doctorID], [appointment_patientID], [nurses_nurseID], [systolic], [diastolic], [temperature], [pulse], [symptoms], [diagnosis]) VALUES ('2016-06-09 9:15:00', 3, 40, 2, N'90', N'80', N'98', N'75', N'beating chest', N'heart attack')
INSERT [dbo].[vitals]([appointment_date], [appointment_doctorID], [appointment_patientID], [nurses_nurseID], [systolic], [diastolic], [temperature], [pulse], [symptoms], [diagnosis]) VALUES ('2016-07-19 11:15:00', 4, 16, 3, N'120', N'90', N'99', N'88', N'painful rash', N'funk')
INSERT [dbo].[vitals]([appointment_date], [appointment_doctorID], [appointment_patientID], [nurses_nurseID], [systolic], [diastolic], [temperature], [pulse], [symptoms], [diagnosis]) VALUES ('2016-02-20 10:10:10', 5, 18, 4, N'130', N'110', N'97', N'80', N'fever and chills', N'flu')
INSERT [dbo].[vitals]([appointment_date], [appointment_doctorID], [appointment_patientID], [nurses_nurseID], [systolic], [diastolic], [temperature], [pulse], [symptoms], [diagnosis]) VALUES ('2016-06-29 15:30:00', 3, 20, 5, N'140', N'70', N'98', N'100', N'headache', N'headache')
INSERT [dbo].[vitals]([appointment_date], [appointment_doctorID], [appointment_patientID], [nurses_nurseID], [systolic], [diastolic], [temperature], [pulse], [symptoms], [diagnosis]) VALUES ('2016-08-20 16:00:00', 6, 24, 6, N'90', N'70', N'98', N'76', N'abdominal pain', N'stomach bug')
INSERT [dbo].[vitals]([appointment_date], [appointment_doctorID], [appointment_patientID], [nurses_nurseID], [systolic], [diastolic], [temperature], [pulse], [symptoms], [diagnosis]) VALUES ('2016-09-20 15:20:00', 6, 25, 7, N'120', N'80', N'99', N'56', N'Fatigue', N'needs sleep')
INSERT [dbo].[vitals]([appointment_date], [appointment_doctorID], [appointment_patientID], [nurses_nurseID], [systolic], [diastolic], [temperature], [pulse], [symptoms], [diagnosis]) VALUES ('2016-10-20 16:00:00', 6, 26, 1, N'130', N'70', N'98', N'110', N'nausea', N'stomach bug')
INSERT [dbo].[vitals]([appointment_date], [appointment_doctorID], [appointment_patientID], [nurses_nurseID], [systolic], [diastolic], [temperature], [pulse], [symptoms], [diagnosis]) VALUES ('2016-08-20 13:00:00', 6, 28, 2, N'140', N'80', N'99', N'150', N'beating chest', N'heart attack')
INSERT [dbo].[vitals]([appointment_date], [appointment_doctorID], [appointment_patientID], [nurses_nurseID], [systolic], [diastolic], [temperature], [pulse], [symptoms], [diagnosis]) VALUES ('2016-06-20 9:00:00', 6, 30, 3, N'90', N'90', N'97', N'75', N'painful rash', N'funk')
INSERT [dbo].[vitals]([appointment_date], [appointment_doctorID], [appointment_patientID], [nurses_nurseID], [systolic], [diastolic], [temperature], [pulse], [symptoms], [diagnosis]) VALUES ('2016-01-23 8:00:00', 1, 32, 4, N'120', N'110', N'98', N'75', N'fever and chills', N'flu')
INSERT [dbo].[vitals]([appointment_date], [appointment_doctorID], [appointment_patientID], [nurses_nurseID], [systolic], [diastolic], [temperature], [pulse], [symptoms], [diagnosis]) VALUES ('2016-02-26 10:00:00', 2, 33, 5, N'130', N'70', N'98', N'88', N'headache', N'headache')
INSERT [dbo].[vitals]([appointment_date], [appointment_doctorID], [appointment_patientID], [nurses_nurseID], [systolic], [diastolic], [temperature], [pulse], [symptoms], [diagnosis]) VALUES ('2016-03-29 11:00:00', 3, 34, 6, N'140', N'70', N'99', N'80', N'abdominal pain', N'stomach bug')
INSERT [dbo].[vitals]([appointment_date], [appointment_doctorID], [appointment_patientID], [nurses_nurseID], [systolic], [diastolic], [temperature], [pulse], [symptoms], [diagnosis]) VALUES ('2016-02-01 12:00:00', 4, 36, 7, N'90', N'80', N'98', N'100', N'Fatigue', N'needs sleep')
INSERT [dbo].[vitals]([appointment_date], [appointment_doctorID], [appointment_patientID], [nurses_nurseID], [systolic], [diastolic], [temperature], [pulse], [symptoms], [diagnosis]) VALUES ('2016-06-05 13:00:00', 4, 36, 1, N'120', N'70', N'99', N'76', N'nausea', N'stomach bug')
INSERT [dbo].[vitals]([appointment_date], [appointment_doctorID], [appointment_patientID], [nurses_nurseID], [systolic], [diastolic], [temperature], [pulse], [symptoms], [diagnosis]) VALUES ('2016-04-05 12:00:00', 5, 38, 2, N'130', N'80', N'97', N'56', N'beating chest', N'heart attack')
INSERT [dbo].[vitals]([appointment_date], [appointment_doctorID], [appointment_patientID], [nurses_nurseID], [systolic], [diastolic], [temperature], [pulse], [symptoms], [diagnosis]) VALUES ('2016-08-11 14:00:00', 5, 38, 3, N'140', N'90', N'98', N'110', N'abdominal pain', N'funk')

/*** Appointment Has Tests Data ***/
INSERT [dbo].[appointment_has_tests]([appointment_date], [appointment_doctorID], [appointment_patientID], [tests_testCode], [testDate], [results]) VALUES ('2010-10-10 13:00:00', 2, 1, N'DHEA', '2016-10-02', N'normal')
INSERT [dbo].[appointment_has_tests]([appointment_date], [appointment_doctorID], [appointment_patientID], [tests_testCode], [testDate], [results]) VALUES ('2010-10-10 13:00:00', 2, 1, N'FLU', '2016-10-10', N'normal')
INSERT [dbo].[appointment_has_tests]([appointment_date], [appointment_doctorID], [appointment_patientID], [tests_testCode], [testDate], [results]) VALUES ('2010-10-10 13:00:00', 2, 1, N'HEPA-B', '2016-09-15', N'normal')
INSERT [dbo].[appointment_has_tests]([appointment_date], [appointment_doctorID], [appointment_patientID], [tests_testCode], [testDate], [results]) VALUES ('2010-10-10 13:00:00', 2, 1, N'LDL', '2015-05-20', N'normal')
INSERT [dbo].[appointment_has_tests]([appointment_date], [appointment_doctorID], [appointment_patientID], [tests_testCode], [testDate], [results]) VALUES ('2011-10-10 13:00:00', 3, 2, N'HDL', '2016-10-17', N'normal')
INSERT [dbo].[appointment_has_tests]([appointment_date], [appointment_doctorID], [appointment_patientID], [tests_testCode], [testDate], [results]) VALUES ('2011-10-10 13:00:00', 3, 2, N'HEPA-A', '2015-04-20', N'normal')
INSERT [dbo].[appointment_has_tests]([appointment_date], [appointment_doctorID], [appointment_patientID], [tests_testCode], [testDate], [results]) VALUES ('2011-10-10 13:00:00', 3, 2, N'TSH', '2016-09-27', N'normal')
INSERT [dbo].[appointment_has_tests]([appointment_date], [appointment_doctorID], [appointment_patientID], [tests_testCode], [testDate], [results]) VALUES ('2011-10-10 13:00:00', 3, 2, N'WBC', '2015-11-12', N'normal')
INSERT [dbo].[appointment_has_tests]([appointment_date], [appointment_doctorID], [appointment_patientID], [tests_testCode], [testDate], [results]) VALUES ('2012-10-10 10:00:00', 4, 3, N'DHEA', '2016-09-14', N'normal')
INSERT [dbo].[appointment_has_tests]([appointment_date], [appointment_doctorID], [appointment_patientID], [tests_testCode], [testDate], [results]) VALUES ('2012-10-10 10:00:00', 4, 3, N'FLU', '2016-09-22', N'normal')
INSERT [dbo].[appointment_has_tests]([appointment_date], [appointment_doctorID], [appointment_patientID], [tests_testCode], [testDate], [results]) VALUES ('2012-10-10 10:00:00', 4, 3, N'HEPA-B', '2015-03-20', N'normal')
INSERT [dbo].[appointment_has_tests]([appointment_date], [appointment_doctorID], [appointment_patientID], [tests_testCode], [testDate], [results]) VALUES ('2012-10-10 10:00:00', 4, 3, N'LDL', '2014-11-12', N'normal')
INSERT [dbo].[appointment_has_tests]([appointment_date], [appointment_doctorID], [appointment_patientID], [tests_testCode], [testDate], [results]) VALUES ('2013-10-10 15:00:00', 5, 4, N'HDL', '2015-02-20', N'normal')
INSERT [dbo].[appointment_has_tests]([appointment_date], [appointment_doctorID], [appointment_patientID], [tests_testCode], [testDate], [results]) VALUES ('2013-10-10 15:00:00', 5, 4, N'HEPA-A', '2014-12-13', N'normal')
INSERT [dbo].[appointment_has_tests]([appointment_date], [appointment_doctorID], [appointment_patientID], [tests_testCode], [testDate], [results]) VALUES ('2013-10-10 15:00:00', 5, 4, N'TSH', '2016-08-11', N'normal')
INSERT [dbo].[appointment_has_tests]([appointment_date], [appointment_doctorID], [appointment_patientID], [tests_testCode], [testDate], [results]) VALUES ('2013-10-10 15:00:00', 5, 4, N'WBC', '2016-09-17', N'normal')
INSERT [dbo].[appointment_has_tests]([appointment_date], [appointment_doctorID], [appointment_patientID], [tests_testCode], [testDate], [results]) VALUES ('2015-01-15 9:00:00', 6, 5, N'DHEA', '2015-01-20', N'normal')
INSERT [dbo].[appointment_has_tests]([appointment_date], [appointment_doctorID], [appointment_patientID], [tests_testCode], [testDate], [results]) VALUES ('2015-01-15 9:00:00', 6, 5, N'FLU', '2016-07-08', N'normal')
INSERT [dbo].[appointment_has_tests]([appointment_date], [appointment_doctorID], [appointment_patientID], [tests_testCode], [testDate], [results]) VALUES ('2015-01-15 9:00:00', 6, 5, N'HEPA-B', '2015-01-08', N'normal')
INSERT [dbo].[appointment_has_tests]([appointment_date], [appointment_doctorID], [appointment_patientID], [tests_testCode], [testDate], [results]) VALUES ('2015-01-15 9:00:00', 6, 5, N'LDL', '2016-09-12', N'normal')
INSERT [dbo].[appointment_has_tests]([appointment_date], [appointment_doctorID], [appointment_patientID], [tests_testCode], [testDate], [results]) VALUES ('2015-02-10 9:00:00', 4, 6, N'HDL', '2015-02-10', N'normal')
INSERT [dbo].[appointment_has_tests]([appointment_date], [appointment_doctorID], [appointment_patientID], [tests_testCode], [testDate], [results]) VALUES ('2015-02-10 9:00:00', 4, 6, N'HEPA-A', '2016-09-07', N'normal')
INSERT [dbo].[appointment_has_tests]([appointment_date], [appointment_doctorID], [appointment_patientID], [tests_testCode], [testDate], [results]) VALUES ('2015-02-10 9:00:00', 4, 6, N'TSH', '2014-12-20', N'normal')
INSERT [dbo].[appointment_has_tests]([appointment_date], [appointment_doctorID], [appointment_patientID], [tests_testCode], [testDate], [results]) VALUES ('2015-02-10 9:00:00', 4, 6, N'WBC', '2016-06-05', N'normal')
INSERT [dbo].[appointment_has_tests]([appointment_date], [appointment_doctorID], [appointment_patientID], [tests_testCode], [testDate], [results]) VALUES ('2015-03-18 9:30:00', 1, 7, N'DHEA', '2015-03-20', N'normal')
INSERT [dbo].[appointment_has_tests]([appointment_date], [appointment_doctorID], [appointment_patientID], [tests_testCode], [testDate], [results]) VALUES ('2015-03-18 9:30:00', 1, 7, N'FLU', '2015-03-20', N'normal')
INSERT [dbo].[appointment_has_tests]([appointment_date], [appointment_doctorID], [appointment_patientID], [tests_testCode], [testDate], [results]) VALUES ('2015-03-18 9:30:00', 1, 7, N'HEPA-B', '2015-03-20', N'normal')
INSERT [dbo].[appointment_has_tests]([appointment_date], [appointment_doctorID], [appointment_patientID], [tests_testCode], [testDate], [results]) VALUES ('2015-03-18 9:30:00', 1, 7, N'LDL', '2015-03-20', N'normal')
INSERT [dbo].[appointment_has_tests]([appointment_date], [appointment_doctorID], [appointment_patientID], [tests_testCode], [testDate], [results]) VALUES ('2016-08-28 10:00:00', 3, 8, N'HDL', '2016-08-28', N'normal')
INSERT [dbo].[appointment_has_tests]([appointment_date], [appointment_doctorID], [appointment_patientID], [tests_testCode], [testDate], [results]) VALUES ('2016-08-28 10:00:00', 3, 8, N'HEPA-A', '2016-03-30', N'normal')
INSERT [dbo].[appointment_has_tests]([appointment_date], [appointment_doctorID], [appointment_patientID], [tests_testCode], [testDate], [results]) VALUES ('2016-08-28 10:00:00', 3, 8, N'TSH', '2015-04-20', N'normal')
INSERT [dbo].[appointment_has_tests]([appointment_date], [appointment_doctorID], [appointment_patientID], [tests_testCode], [testDate], [results]) VALUES ('2016-08-28 10:00:00', 3, 8, N'WBC', '2014-10-20', N'normal')
INSERT [dbo].[appointment_has_tests]([appointment_date], [appointment_doctorID], [appointment_patientID], [tests_testCode], [testDate], [results]) VALUES ('2016-08-23 10:00:00', 5, 9, N'DHEA', '2016-08-23', N'normal')
INSERT [dbo].[appointment_has_tests]([appointment_date], [appointment_doctorID], [appointment_patientID], [tests_testCode], [testDate], [results]) VALUES ('2016-08-23 10:00:00', 5, 9, N'FLU', '2016-08-23', N'normal')
INSERT [dbo].[appointment_has_tests]([appointment_date], [appointment_doctorID], [appointment_patientID], [tests_testCode], [testDate], [results]) VALUES ('2016-08-23 10:00:00', 5, 9, N'HEPA-B', '2016-08-23', N'normal')
INSERT [dbo].[appointment_has_tests]([appointment_date], [appointment_doctorID], [appointment_patientID], [tests_testCode], [testDate], [results]) VALUES ('2016-08-23 10:00:00', 5, 9, N'LDL', '2016-08-23', N'normal')
INSERT [dbo].[appointment_has_tests]([appointment_date], [appointment_doctorID], [appointment_patientID], [tests_testCode], [testDate], [results]) VALUES ('2016-01-10 13:00:00', 3, 10, N'HDL', '2016-01-24', N'normal')
INSERT [dbo].[appointment_has_tests]([appointment_date], [appointment_doctorID], [appointment_patientID], [tests_testCode], [testDate], [results]) VALUES ('2016-01-10 13:00:00', 3, 10, N'HEPA-A', '2016-01-24', N'abnormal')
INSERT [dbo].[appointment_has_tests]([appointment_date], [appointment_doctorID], [appointment_patientID], [tests_testCode], [testDate], [results]) VALUES ('2016-01-10 13:00:00', 3, 10, N'TSH', '2016-01-24', N'normal')
INSERT [dbo].[appointment_has_tests]([appointment_date], [appointment_doctorID], [appointment_patientID], [tests_testCode], [testDate], [results]) VALUES ('2016-01-10 13:00:00', 3, 10, N'WBC', '2016-01-24', N'normal')
INSERT [dbo].[appointment_has_tests]([appointment_date], [appointment_doctorID], [appointment_patientID], [tests_testCode], [testDate], [results]) VALUES ('2015-12-19 13:00:00', 6, 11, N'DHEA', '2015-12-21', N'normal')
INSERT [dbo].[appointment_has_tests]([appointment_date], [appointment_doctorID], [appointment_patientID], [tests_testCode], [testDate], [results]) VALUES ('2015-12-19 13:00:00', 6, 11, N'FLU', '2015-12-21', N'normal')
INSERT [dbo].[appointment_has_tests]([appointment_date], [appointment_doctorID], [appointment_patientID], [tests_testCode], [testDate], [results]) VALUES ('2015-12-19 13:00:00', 6, 11, N'HEPA-B', '2015-12-21', N'abnormal')
INSERT [dbo].[appointment_has_tests]([appointment_date], [appointment_doctorID], [appointment_patientID], [tests_testCode], [testDate], [results]) VALUES ('2015-12-19 13:00:00', 6, 11, N'LDL', '2015-12-21', N'abnormal')
INSERT [dbo].[appointment_has_tests]([appointment_date], [appointment_doctorID], [appointment_patientID], [tests_testCode], [testDate], [results]) VALUES ('2016-08-08 11:00:00', 2, 12, N'HDL', '2016-08-08', N'abnormal')
INSERT [dbo].[appointment_has_tests]([appointment_date], [appointment_doctorID], [appointment_patientID], [tests_testCode], [testDate], [results]) VALUES ('2016-08-08 11:00:00', 2, 12, N'HEPA-A', '2016-08-08', N'abnormal')
INSERT [dbo].[appointment_has_tests]([appointment_date], [appointment_doctorID], [appointment_patientID], [tests_testCode], [testDate], [results]) VALUES ('2016-08-08 11:00:00', 2, 12, N'TSH', '2016-08-08', N'normal')
INSERT [dbo].[appointment_has_tests]([appointment_date], [appointment_doctorID], [appointment_patientID], [tests_testCode], [testDate], [results]) VALUES ('2016-08-08 11:00:00', 2, 12, N'WBC', '2016-08-08', N'normal')
INSERT [dbo].[appointment_has_tests]([appointment_date], [appointment_doctorID], [appointment_patientID], [tests_testCode], [testDate], [results]) VALUES ('2014-05-13 13:02:00', 5, 13, N'DHEA', '2014-05-20', N'normal')
INSERT [dbo].[appointment_has_tests]([appointment_date], [appointment_doctorID], [appointment_patientID], [tests_testCode], [testDate], [results]) VALUES ('2014-05-13 13:02:00', 5, 13, N'FLU', '2014-05-20', N'normal')
INSERT [dbo].[appointment_has_tests]([appointment_date], [appointment_doctorID], [appointment_patientID], [tests_testCode], [testDate], [results]) VALUES ('2014-05-13 13:02:00', 5, 13, N'HEPA-B', '2014-05-20', N'abnormal')
INSERT [dbo].[appointment_has_tests]([appointment_date], [appointment_doctorID], [appointment_patientID], [tests_testCode], [testDate], [results]) VALUES ('2014-05-13 13:02:00', 5, 13, N'LDL', '2014-05-20', N'abnormal')
INSERT [dbo].[appointment_has_tests]([appointment_date], [appointment_doctorID], [appointment_patientID], [tests_testCode], [testDate], [results]) VALUES ('2016-07-29 10:00:00', 1, 14, N'HDL', '2015-10-20', N'abnormal')
INSERT [dbo].[appointment_has_tests]([appointment_date], [appointment_doctorID], [appointment_patientID], [tests_testCode], [testDate], [results]) VALUES ('2016-07-29 10:00:00', 1, 14, N'HEPA-A', '2016-07-29', N'abnormal')
INSERT [dbo].[appointment_has_tests]([appointment_date], [appointment_doctorID], [appointment_patientID], [tests_testCode], [testDate], [results]) VALUES ('2016-07-29 10:00:00', 1, 14, N'TSH', '2014-04-20', N'normal')
INSERT [dbo].[appointment_has_tests]([appointment_date], [appointment_doctorID], [appointment_patientID], [tests_testCode], [testDate], [results]) VALUES ('2016-07-29 10:00:00', 1, 14, N'WBC', '2015-09-12', N'normal')
INSERT [dbo].[appointment_has_tests]([appointment_date], [appointment_doctorID], [appointment_patientID], [tests_testCode], [testDate], [results]) VALUES ('2015-11-10 11:00:00', 5, 15, N'DHEA', '2015-11-20', N'abnormal')
INSERT [dbo].[appointment_has_tests]([appointment_date], [appointment_doctorID], [appointment_patientID], [tests_testCode], [testDate], [results]) VALUES ('2015-11-10 11:00:00', 5, 15, N'FLU', '2015-11-20', N'normal')
INSERT [dbo].[appointment_has_tests]([appointment_date], [appointment_doctorID], [appointment_patientID], [tests_testCode], [testDate], [results]) VALUES ('2015-11-10 11:00:00', 5, 15, N'HEPA-B', '2015-11-20', N'abnormal')
INSERT [dbo].[appointment_has_tests]([appointment_date], [appointment_doctorID], [appointment_patientID], [tests_testCode], [testDate], [results]) VALUES ('2015-11-10 11:00:00', 5, 15, N'LDL', '2015-11-20', N'abnormal')
INSERT [dbo].[appointment_has_tests]([appointment_date], [appointment_doctorID], [appointment_patientID], [tests_testCode], [testDate], [results]) VALUES ('2016-07-19 11:15:00', 4, 16, N'HDL', '2016-07-19', N'normal')
INSERT [dbo].[appointment_has_tests]([appointment_date], [appointment_doctorID], [appointment_patientID], [tests_testCode], [testDate], [results]) VALUES ('2016-07-19 11:15:00', 4, 16, N'HEPA-A', '2016-07-19', N'abnormal')
INSERT [dbo].[appointment_has_tests]([appointment_date], [appointment_doctorID], [appointment_patientID], [tests_testCode], [testDate], [results]) VALUES ('2016-07-19 11:15:00', 4, 16, N'TSH', '2016-07-19', N'abnormal')
INSERT [dbo].[appointment_has_tests]([appointment_date], [appointment_doctorID], [appointment_patientID], [tests_testCode], [testDate], [results]) VALUES ('2016-07-19 11:15:00', 4, 16, N'WBC', '2016-07-19', N'normal')
INSERT [dbo].[appointment_has_tests]([appointment_date], [appointment_doctorID], [appointment_patientID], [tests_testCode], [testDate], [results]) VALUES ('2016-07-14 11:05:00', 3, 17, N'DHEA', '2016-07-14', N'normal')
INSERT [dbo].[appointment_has_tests]([appointment_date], [appointment_doctorID], [appointment_patientID], [tests_testCode], [testDate], [results]) VALUES ('2016-07-14 11:05:00', 3, 17, N'FLU', '2016-07-14', N'normal')
INSERT [dbo].[appointment_has_tests]([appointment_date], [appointment_doctorID], [appointment_patientID], [tests_testCode], [testDate], [results]) VALUES ('2016-07-14 11:05:00', 3, 17, N'HEPA-B', '2016-07-14', N'abnormal')
INSERT [dbo].[appointment_has_tests]([appointment_date], [appointment_doctorID], [appointment_patientID], [tests_testCode], [testDate], [results]) VALUES ('2016-07-14 11:05:00', 3, 17, N'LDL', '2016-07-14', N'normal')
INSERT [dbo].[appointment_has_tests]([appointment_date], [appointment_doctorID], [appointment_patientID], [tests_testCode], [testDate], [results]) VALUES ('2016-02-20 10:10:10', 5, 18, N'HDL', '2016-02-20', N'abnormal')
INSERT [dbo].[appointment_has_tests]([appointment_date], [appointment_doctorID], [appointment_patientID], [tests_testCode], [testDate], [results]) VALUES ('2016-02-20 10:10:10', 5, 18, N'HEPA-A', '2016-02-20', N'normal')
INSERT [dbo].[appointment_has_tests]([appointment_date], [appointment_doctorID], [appointment_patientID], [tests_testCode], [testDate], [results]) VALUES ('2016-02-20 10:10:10', 5, 18, N'TSH', '2016-02-20', N'abnormal')
INSERT [dbo].[appointment_has_tests]([appointment_date], [appointment_doctorID], [appointment_patientID], [tests_testCode], [testDate], [results]) VALUES ('2016-02-20 10:10:10', 5, 18, N'WBC', '2016-02-20', N'normal')
INSERT [dbo].[appointment_has_tests]([appointment_date], [appointment_doctorID], [appointment_patientID], [tests_testCode], [testDate], [results]) VALUES ('2015-03-10 13:00:00', 2, 19, N'DHEA', '2015-03-27', N'normal')
INSERT [dbo].[appointment_has_tests]([appointment_date], [appointment_doctorID], [appointment_patientID], [tests_testCode], [testDate], [results]) VALUES ('2015-03-10 13:00:00', 2, 19, N'FLU', '2015-03-27', N'abnormal')
INSERT [dbo].[appointment_has_tests]([appointment_date], [appointment_doctorID], [appointment_patientID], [tests_testCode], [testDate], [results]) VALUES ('2015-03-10 13:00:00', 2, 19, N'HEPA-B', '2015-03-27', N'normal')
INSERT [dbo].[appointment_has_tests]([appointment_date], [appointment_doctorID], [appointment_patientID], [tests_testCode], [testDate], [results]) VALUES ('2015-03-10 13:00:00', 2, 19, N'LDL', '2015-03-27', N'normal')
INSERT [dbo].[appointment_has_tests]([appointment_date], [appointment_doctorID], [appointment_patientID], [tests_testCode], [testDate], [results]) VALUES ('2016-06-29 15:30:00', 3, 20, N'HDL', '2016-06-29', N'normal')
INSERT [dbo].[appointment_has_tests]([appointment_date], [appointment_doctorID], [appointment_patientID], [tests_testCode], [testDate], [results]) VALUES ('2016-06-29 15:30:00', 3, 20, N'HEPA-A', '2016-06-29', N'normal')
INSERT [dbo].[appointment_has_tests]([appointment_date], [appointment_doctorID], [appointment_patientID], [tests_testCode], [testDate], [results]) VALUES ('2016-06-29 15:30:00', 3, 20, N'TSH', '2016-06-29', N'normal')
INSERT [dbo].[appointment_has_tests]([appointment_date], [appointment_doctorID], [appointment_patientID], [tests_testCode], [testDate], [results]) VALUES ('2016-06-29 15:30:00', 3, 20, N'WBC', '2016-06-29', N'abnormal')
INSERT [dbo].[appointment_has_tests]([appointment_date], [appointment_doctorID], [appointment_patientID], [tests_testCode], [testDate], [results]) VALUES ('2013-06-10 13:00:00', 5, 21, N'DHEA', '2014-10-02', N'normal')
INSERT [dbo].[appointment_has_tests]([appointment_date], [appointment_doctorID], [appointment_patientID], [tests_testCode], [testDate], [results]) VALUES ('2013-06-10 13:00:00', 5, 21, N'FLU', '2014-10-02', N'normal')
INSERT [dbo].[appointment_has_tests]([appointment_date], [appointment_doctorID], [appointment_patientID], [tests_testCode], [testDate], [results]) VALUES ('2013-06-10 13:00:00', 5, 21, N'HEPA-B', '2014-10-02', N'normal')
INSERT [dbo].[appointment_has_tests]([appointment_date], [appointment_doctorID], [appointment_patientID], [tests_testCode], [testDate], [results]) VALUES ('2016-06-20 15:20:00', 6, 22, N'HDL', '2016-06-20', N'normal')
INSERT [dbo].[appointment_has_tests]([appointment_date], [appointment_doctorID], [appointment_patientID], [tests_testCode], [testDate], [results]) VALUES ('2016-06-20 15:20:00', 6, 22, N'TSH', '2016-06-20', N'normal')
INSERT [dbo].[appointment_has_tests]([appointment_date], [appointment_doctorID], [appointment_patientID], [tests_testCode], [testDate], [results]) VALUES ('2016-06-20 15:20:00', 6, 22, N'WBC', '2016-06-20', N'normal')
INSERT [dbo].[appointment_has_tests]([appointment_date], [appointment_doctorID], [appointment_patientID], [tests_testCode], [testDate], [results]) VALUES ('2016-07-20 9:00:00', 4, 23, N'DHEA', '2016-07-20', N'normal')
INSERT [dbo].[appointment_has_tests]([appointment_date], [appointment_doctorID], [appointment_patientID], [tests_testCode], [testDate], [results]) VALUES ('2016-07-20 9:00:00', 4, 23, N'FLU', '2016-07-20', N'normal')
INSERT [dbo].[appointment_has_tests]([appointment_date], [appointment_doctorID], [appointment_patientID], [tests_testCode], [testDate], [results]) VALUES ('2016-07-20 9:00:00', 4, 23, N'LDL', '2016-07-20', N'normal')
INSERT [dbo].[appointment_has_tests]([appointment_date], [appointment_doctorID], [appointment_patientID], [tests_testCode], [testDate], [results]) VALUES ('2016-08-20 16:00:00', 6, 24, N'HEPA-A', '2016-08-20', N'normal')
INSERT [dbo].[appointment_has_tests]([appointment_date], [appointment_doctorID], [appointment_patientID], [tests_testCode], [testDate], [results]) VALUES ('2016-08-20 16:00:00', 6, 24, N'TSH', '2016-08-20', N'normal')
INSERT [dbo].[appointment_has_tests]([appointment_date], [appointment_doctorID], [appointment_patientID], [tests_testCode], [testDate], [results]) VALUES ('2016-08-20 16:00:00', 6, 24, N'WBC', '2016-08-20', N'normal')
INSERT [dbo].[appointment_has_tests]([appointment_date], [appointment_doctorID], [appointment_patientID], [tests_testCode], [testDate], [results]) VALUES ('2016-09-20 15:20:00', 6, 25, N'FLU', '2016-09-20', N'normal')
INSERT [dbo].[appointment_has_tests]([appointment_date], [appointment_doctorID], [appointment_patientID], [tests_testCode], [testDate], [results]) VALUES ('2016-09-20 15:20:00', 6, 25, N'HEPA-B', '2016-09-20', N'normal')
INSERT [dbo].[appointment_has_tests]([appointment_date], [appointment_doctorID], [appointment_patientID], [tests_testCode], [testDate], [results]) VALUES ('2016-09-20 15:20:00', 6, 25, N'LDL', '2016-09-20', N'normal')
INSERT [dbo].[appointment_has_tests]([appointment_date], [appointment_doctorID], [appointment_patientID], [tests_testCode], [testDate], [results]) VALUES ('2016-10-20 16:00:00', 6, 26, N'HDL', '2016-10-20', N'normal')
INSERT [dbo].[appointment_has_tests]([appointment_date], [appointment_doctorID], [appointment_patientID], [tests_testCode], [testDate], [results]) VALUES ('2016-10-20 16:00:00', 6, 26, N'HEPA-A', '2016-10-20', N'normal')
INSERT [dbo].[appointment_has_tests]([appointment_date], [appointment_doctorID], [appointment_patientID], [tests_testCode], [testDate], [results]) VALUES ('2016-10-20 16:00:00', 6, 26, N'WBC', '2016-10-20', N'normal')
INSERT [dbo].[appointment_has_tests]([appointment_date], [appointment_doctorID], [appointment_patientID], [tests_testCode], [testDate], [results]) VALUES ('2015-08-06 11:35:00', 3, 27, N'DHEA', '2015-08-08', N'normal')
INSERT [dbo].[appointment_has_tests]([appointment_date], [appointment_doctorID], [appointment_patientID], [tests_testCode], [testDate], [results]) VALUES ('2015-08-06 11:35:00', 3, 27, N'HEPA-B', '2015-08-08', N'normal')
INSERT [dbo].[appointment_has_tests]([appointment_date], [appointment_doctorID], [appointment_patientID], [tests_testCode], [testDate], [results]) VALUES ('2015-08-06 11:35:00', 3, 27, N'LDL', '2015-08-08', N'abnormal')
INSERT [dbo].[appointment_has_tests]([appointment_date], [appointment_doctorID], [appointment_patientID], [tests_testCode], [testDate], [results]) VALUES ('2016-08-20 13:00:00', 6, 28, N'HDL', '2016-08-20', N'abnormal')
INSERT [dbo].[appointment_has_tests]([appointment_date], [appointment_doctorID], [appointment_patientID], [tests_testCode], [testDate], [results]) VALUES ('2016-08-20 13:00:00', 6, 28, N'HEPA-A', '2016-08-20', N'abnormal')
INSERT [dbo].[appointment_has_tests]([appointment_date], [appointment_doctorID], [appointment_patientID], [tests_testCode], [testDate], [results]) VALUES ('2016-08-20 13:00:00', 6, 28, N'TSH', '2016-08-20', N'normal')
INSERT [dbo].[appointment_has_tests]([appointment_date], [appointment_doctorID], [appointment_patientID], [tests_testCode], [testDate], [results]) VALUES ('2015-06-18 10:30:00', 2, 29, N'DHEA', '2015-06-18', N'abnormal')
INSERT [dbo].[appointment_has_tests]([appointment_date], [appointment_doctorID], [appointment_patientID], [tests_testCode], [testDate], [results]) VALUES ('2015-06-18 10:30:00', 2, 29, N'FLU', '2015-06-18', N'normal')
INSERT [dbo].[appointment_has_tests]([appointment_date], [appointment_doctorID], [appointment_patientID], [tests_testCode], [testDate], [results]) VALUES ('2015-06-18 10:30:00', 2, 29, N'HEPA-B', '2015-06-18', N'abnormal')
INSERT [dbo].[appointment_has_tests]([appointment_date], [appointment_doctorID], [appointment_patientID], [tests_testCode], [testDate], [results]) VALUES ('2016-06-20 9:00:00', 6, 30, N'HDL', '2016-06-20', N'normal')
INSERT [dbo].[appointment_has_tests]([appointment_date], [appointment_doctorID], [appointment_patientID], [tests_testCode], [testDate], [results]) VALUES ('2016-06-20 9:00:00', 6, 30, N'TSH', '2016-06-20', N'abnormal')
INSERT [dbo].[appointment_has_tests]([appointment_date], [appointment_doctorID], [appointment_patientID], [tests_testCode], [testDate], [results]) VALUES ('2016-06-20 9:00:00', 6, 30, N'WBC', '2016-06-20', N'abnormal')
INSERT [dbo].[appointment_has_tests]([appointment_date], [appointment_doctorID], [appointment_patientID], [tests_testCode], [testDate], [results]) VALUES ('2016-05-20 13:00:00', 4, 31, N'DHEA', '2016-05-20', N'normal')
INSERT [dbo].[appointment_has_tests]([appointment_date], [appointment_doctorID], [appointment_patientID], [tests_testCode], [testDate], [results]) VALUES ('2016-05-20 13:00:00', 4, 31, N'FLU', '2016-05-20', N'normal')
INSERT [dbo].[appointment_has_tests]([appointment_date], [appointment_doctorID], [appointment_patientID], [tests_testCode], [testDate], [results]) VALUES ('2016-05-20 13:00:00', 4, 31, N'LDL', '2016-05-20', N'normal')
INSERT [dbo].[appointment_has_tests]([appointment_date], [appointment_doctorID], [appointment_patientID], [tests_testCode], [testDate], [results]) VALUES ('2016-01-23 8:00:00', 1, 32, N'HEPA-A', '2016-01-23', N'abnormal')
INSERT [dbo].[appointment_has_tests]([appointment_date], [appointment_doctorID], [appointment_patientID], [tests_testCode], [testDate], [results]) VALUES ('2016-01-23 8:00:00', 1, 32, N'TSH', '2016-04-20', N'normal')
INSERT [dbo].[appointment_has_tests]([appointment_date], [appointment_doctorID], [appointment_patientID], [tests_testCode], [testDate], [results]) VALUES ('2016-01-23 8:00:00', 1, 32, N'WBC', '2016-04-20', N'normal')
INSERT [dbo].[appointment_has_tests]([appointment_date], [appointment_doctorID], [appointment_patientID], [tests_testCode], [testDate], [results]) VALUES ('2016-02-26 10:00:00', 2, 33, N'FLU', '2016-02-26', N'normal')
INSERT [dbo].[appointment_has_tests]([appointment_date], [appointment_doctorID], [appointment_patientID], [tests_testCode], [testDate], [results]) VALUES ('2016-02-26 10:00:00', 2, 33, N'HEPA-B', '2016-02-26', N'abnormal')
INSERT [dbo].[appointment_has_tests]([appointment_date], [appointment_doctorID], [appointment_patientID], [tests_testCode], [testDate], [results]) VALUES ('2016-02-26 10:00:00', 2, 33, N'LDL', '2016-02-26', N'normal')
INSERT [dbo].[appointment_has_tests]([appointment_date], [appointment_doctorID], [appointment_patientID], [tests_testCode], [testDate], [results]) VALUES ('2016-03-29 11:00:00', 3, 34, N'HDL', '2016-03-29', N'abnormal')
INSERT [dbo].[appointment_has_tests]([appointment_date], [appointment_doctorID], [appointment_patientID], [tests_testCode], [testDate], [results]) VALUES ('2016-03-29 11:00:00', 3, 34, N'HEPA-A', '2016-03-29', N'normal')
INSERT [dbo].[appointment_has_tests]([appointment_date], [appointment_doctorID], [appointment_patientID], [tests_testCode], [testDate], [results]) VALUES ('2016-03-29 11:00:00', 3, 34, N'WBC', '2016-03-29', N'normal')
INSERT [dbo].[appointment_has_tests]([appointment_date], [appointment_doctorID], [appointment_patientID], [tests_testCode], [testDate], [results]) VALUES ('2016-05-02 10:00:00', 2, 35, N'DHEA', '2016-05-02', N'normal')
INSERT [dbo].[appointment_has_tests]([appointment_date], [appointment_doctorID], [appointment_patientID], [tests_testCode], [testDate], [results]) VALUES ('2016-05-02 10:00:00', 2, 35, N'HEPA-B', '2016-05-02', N'normal')
INSERT [dbo].[appointment_has_tests]([appointment_date], [appointment_doctorID], [appointment_patientID], [tests_testCode], [testDate], [results]) VALUES ('2016-05-02 10:00:00', 2, 35, N'LDL', '2016-05-02', N'normal')
INSERT [dbo].[appointment_has_tests]([appointment_date], [appointment_doctorID], [appointment_patientID], [tests_testCode], [testDate], [results]) VALUES ('2016-02-01 12:00:00', 4, 36, N'HDL', '2016-02-01', N'normal')
INSERT [dbo].[appointment_has_tests]([appointment_date], [appointment_doctorID], [appointment_patientID], [tests_testCode], [testDate], [results]) VALUES ('2016-02-01 12:00:00', 4, 36, N'HEPA-A', '2016-02-01', N'normal')
INSERT [dbo].[appointment_has_tests]([appointment_date], [appointment_doctorID], [appointment_patientID], [tests_testCode], [testDate], [results]) VALUES ('2016-06-05 13:00:00', 4, 36, N'TSH', '2016-06-05', N'normal')
INSERT [dbo].[appointment_has_tests]([appointment_date], [appointment_doctorID], [appointment_patientID], [tests_testCode], [testDate], [results]) VALUES ('2016-03-03 14:30:00', 1, 37, N'DHEA', '2016-03-03', N'normal')
INSERT [dbo].[appointment_has_tests]([appointment_date], [appointment_doctorID], [appointment_patientID], [tests_testCode], [testDate], [results]) VALUES ('2016-03-03 14:30:00', 1, 37, N'FLU', '2016-03-03', N'normal')
INSERT [dbo].[appointment_has_tests]([appointment_date], [appointment_doctorID], [appointment_patientID], [tests_testCode], [testDate], [results]) VALUES ('2016-03-03 14:30:00', 1, 37, N'HEPA-B', '2016-03-03', N'normal')
INSERT [dbo].[appointment_has_tests]([appointment_date], [appointment_doctorID], [appointment_patientID], [tests_testCode], [testDate], [results]) VALUES ('2016-04-05 12:00:00', 5, 38, N'HDL', '2016-04-05', N'normal')
INSERT [dbo].[appointment_has_tests]([appointment_date], [appointment_doctorID], [appointment_patientID], [tests_testCode], [testDate], [results]) VALUES ('2016-04-05 12:00:00', 5, 38, N'TSH', '2016-04-05', N'normal')
INSERT [dbo].[appointment_has_tests]([appointment_date], [appointment_doctorID], [appointment_patientID], [tests_testCode], [testDate], [results]) VALUES ('2016-08-11 14:00:00', 5, 38, N'WBC', '2016-08-11', N'normal')
INSERT [dbo].[appointment_has_tests]([appointment_date], [appointment_doctorID], [appointment_patientID], [tests_testCode], [testDate], [results]) VALUES ('2015-09-20 14:15:00', 4, 39, N'DHEA', '2015-09-20', N'normal')
INSERT [dbo].[appointment_has_tests]([appointment_date], [appointment_doctorID], [appointment_patientID], [tests_testCode], [testDate], [results]) VALUES ('2015-09-20 14:15:00', 4, 39, N'FLU', '2015-09-20', N'normal')
INSERT [dbo].[appointment_has_tests]([appointment_date], [appointment_doctorID], [appointment_patientID], [tests_testCode], [testDate], [results]) VALUES ('2015-09-20 14:15:00', 4, 39, N'LDL', '2015-09-20', N'normal')
INSERT [dbo].[appointment_has_tests]([appointment_date], [appointment_doctorID], [appointment_patientID], [tests_testCode], [testDate], [results]) VALUES ('2016-06-09 9:15:00', 3, 40, N'HEPA-A', '2016-06-09', N'normal')
INSERT [dbo].[appointment_has_tests]([appointment_date], [appointment_doctorID], [appointment_patientID], [tests_testCode], [testDate], [results]) VALUES ('2016-06-09 9:15:00', 3, 40, N'TSH', '2016-06-09', N'abnormal')
INSERT [dbo].[appointment_has_tests]([appointment_date], [appointment_doctorID], [appointment_patientID], [tests_testCode], [testDate], [results]) VALUES ('2016-06-09 9:15:00', 3, 40, N'WBC', '2016-06-09', N'normal')
INSERT [dbo].[appointment_has_tests]([appointment_date], [appointment_doctorID], [appointment_patientID], [tests_testCode], [testDate], [results]) VALUES ('2016-07-12 12:00:00', 2, 41, N'FLU', '2016-07-12', N'abnormal')
INSERT [dbo].[appointment_has_tests]([appointment_date], [appointment_doctorID], [appointment_patientID], [tests_testCode], [testDate], [results]) VALUES ('2016-07-12 12:00:00', 2, 41, N'HEPA-B', '2016-07-12', N'normal')
INSERT [dbo].[appointment_has_tests]([appointment_date], [appointment_doctorID], [appointment_patientID], [tests_testCode], [testDate], [results]) VALUES ('2016-07-12 12:00:00', 2, 41, N'LDL', '2016-07-12', N'abnormal')
INSERT [dbo].[appointment_has_tests]([appointment_date], [appointment_doctorID], [appointment_patientID], [tests_testCode], [testDate], [results]) VALUES ('2016-10-07 15:00:00', 1, 42, N'HDL', '2016-10-07', N'normal')
INSERT [dbo].[appointment_has_tests]([appointment_date], [appointment_doctorID], [appointment_patientID], [tests_testCode], [testDate], [results]) VALUES ('2016-10-07 15:00:00', 1, 42, N'HEPA-A', '2016-10-07', N'abnormal')
INSERT [dbo].[appointment_has_tests]([appointment_date], [appointment_doctorID], [appointment_patientID], [tests_testCode], [testDate], [results]) VALUES ('2016-10-07 15:00:00', 1, 42, N'WBC', '2016-10-07', N'normal')