USE [Clinic]
GO
/*** People Data ***/
INSERT [dbo].[people] ( [lastName], [firstName], [dateOfBirth], [streetAddress], [city], [state], [zip], [phoneNumber]) VALUES (N'AnderAven', N'Keaton', '1953-06-12', N'215 Court', N'Auburn', N'Al', N'30332', N'999-999-9990')
INSERT [dbo].[people] ( [lastName], [firstName], [dateOfBirth], [streetAddress], [city], [state], [zip], [phoneNumber]) VALUES (N'AnderAven', N'Ryan', '1962-08-02', N'253 Road', N'Daphne', N'AL', N'30332', N'999-999-9990')
INSERT [dbo].[people] ( [lastName], [firstName], [dateOfBirth], [streetAddress], [city], [state], [zip], [phoneNumber]) VALUES (N'Averett', N'Anthony', '1976-10-28', N'183 Court', N'Woodbury', N'NU', N'30332', N'999-999-9990')
INSERT [dbo].[people] ( [lastName], [firstName], [dateOfBirth], [streetAddress], [city], [state], [zip], [phoneNumber]) VALUES (N'Bateman', N'Cooper', '1969-03-12', N'220 Court', N'Murray', N'UT', N'30332', N'999-999-9990')
INSERT [dbo].[people] ( [lastName], [firstName], [dateOfBirth], [streetAddress], [city], [state], [zip], [phoneNumber]) VALUES (N'Brown', N'Tony', '1992-03-14', N'900 Birdy Road', N'Atlanta', N'GA', N'30332', N'212-212-1221')
INSERT [dbo].[people] ( [lastName], [firstName], [dateOfBirth], [streetAddress], [city], [state], [zip], [phoneNumber]) VALUES (N'Carter', N'Shyheim', '1988-04-12', N'190 Court', N'Kentwood', N'LA', N'30332', N'999-999-9990')
INSERT [dbo].[people] ( [lastName], [firstName], [dateOfBirth], [streetAddress], [city], [state], [zip], [phoneNumber]) VALUES (N'Clark', N'Ronnie', '1987-01-21', N'215 Ave', N'Calera', N'AL', N'30332', N'999-999-9990')
INSERT [dbo].[people] ( [lastName], [firstName], [dateOfBirth], [streetAddress], [city], [state], [zip], [phoneNumber]) VALUES (N'Cornwell', N'David', '1978-12-29', N'228 Ave', N'Norman', N'OK', N'30332', N'999-999-9990')
INSERT [dbo].[people] ( [lastName], [firstName], [dateOfBirth], [streetAddress], [city], [state], [zip], [phoneNumber]) VALUES (N'Davis', N'Ben', '1994-11-14', N'701 Maple Drive', N'Griffin', N'GA', N'30332', N'770-888-9999')
INSERT [dbo].[people] ( [lastName], [firstName], [dateOfBirth], [streetAddress], [city], [state], [zip], [phoneNumber]) VALUES (N'Dieter', N'Gehrig', '1980-02-18', N'207 Road', N'Aveuth Bend', N'IN', N'30332', N'999-999-9990')
INSERT [dbo].[people] ( [lastName], [firstName], [dateOfBirth], [streetAddress], [city], [state], [zip], [phoneNumber]) VALUES (N'Diggs', N'Trevon', '1985-07-21', N'195	Court', N'Gaithersburg', N'MD', N'30332', N'999-999-9990')
INSERT [dbo].[people] ( [lastName], [firstName], [dateOfBirth], [streetAddress], [city], [state], [zip], [phoneNumber]) VALUES (N'Dion Hamilton', N'Shaun', '1965-11-22', N'232 Court', N'Montgomery', N'AL', N'30332', N'999-999-9990')
INSERT [dbo].[people] ( [lastName], [firstName], [dateOfBirth], [streetAddress], [city], [state], [zip], [phoneNumber]) VALUES (N'Emmons', N'B.J.', '1984-10-13', N'206	Court', N'Morganton', N'NC', N'30332', N'999-999-9990')
INSERT [dbo].[people] ( [lastName], [firstName], [dateOfBirth], [streetAddress], [city], [state], [zip], [phoneNumber]) VALUES (N'Evans', N'Rashaan', '1982-07-21', N'231 Court', N'Auburn', N'AL', N'30332', N'999-999-9990')
INSERT [dbo].[people] ( [lastName], [firstName], [dateOfBirth], [streetAddress], [city], [state], [zip], [phoneNumber]) VALUES (N'Fitzpatrick', N'Minkah', '1985-01-09', N'203 Ave', N'Old Bridge', N'NU', N'30332', N'999-999-9990')
INSERT [dbo].[people] ( [lastName], [firstName], [dateOfBirth], [streetAddress], [city], [state], [zip], [phoneNumber]) VALUES (N'Fost', N'Rober', '1993-09-11', N'800 Cowboy Lane', N'Little Rock', N'GA', N'30332', N'888-777-6666')
INSERT [dbo].[people] ( [lastName], [firstName], [dateOfBirth], [streetAddress], [city], [state], [zip], [phoneNumber]) VALUES (N'Foster', N'Reuben', '1981-03-13', N'236 Road', N'Auburn', N'AL', N'30332', N'999-999-9990')
INSERT [dbo].[people] ( [lastName], [firstName], [dateOfBirth], [streetAddress], [city], [state], [zip], [phoneNumber]) VALUES (N'Gore', N'Derrick', '1977-03-29', N'210	Court', N'Syracuse', N'NY', N'30332', N'999-999-9990')
INSERT [dbo].[people] ( [lastName], [firstName], [dateOfBirth], [streetAddress], [city], [state], [zip], [phoneNumber]) VALUES (N'Hall', N'Terrell', '1980-06-28', N'247	Court', N'Washington', N'DC', N'30332', N'999-999-9990')
INSERT [dbo].[people] ( [lastName], [firstName], [dateOfBirth], [streetAddress], [city], [state], [zip], [phoneNumber]) VALUES (N'Hand', N'DaShawn', '1983-05-24', N'280	Court', N'Woodridge', N'VA', N'30332', N'999-999-9990')
INSERT [dbo].[people] ( [lastName], [firstName], [dateOfBirth], [streetAddress], [city], [state], [zip], [phoneNumber]) VALUES (N'HarriAven', N'Ronnie', '1974-08-21', N'216	Ave', N'Tallahassee', N'FL', N'30332', N'999-999-9990')
INSERT [dbo].[people] ( [lastName], [firstName], [dateOfBirth], [streetAddress], [city], [state], [zip], [phoneNumber]) VALUES (N'Harris', N'Damien', '1971-10-05', N'214	Ave', N'Berea', N'KY', N'30332', N'999-999-9990')
INSERT [dbo].[people] ( [lastName], [firstName], [dateOfBirth], [streetAddress], [city], [state], [zip], [phoneNumber]) VALUES (N'Humphrey', N'Marlon', '1968-04-21', N'196	Ave', N'Hoover', N'AL', N'30332', N'999-999-9990')
INSERT [dbo].[people] ( [lastName], [firstName], [dateOfBirth], [streetAddress], [city], [state], [zip], [phoneNumber]) VALUES (N'Hurts', N'Jalen', '1991-05-05', N'209	FR', N'Channelview', N'TX', N'30332', N'111-111-1111')
INSERT [dbo].[people] ( [lastName], [firstName], [dateOfBirth], [streetAddress], [city], [state], [zip], [phoneNumber]) VALUES (N'JackAven', N'Eddie', '1989-10-21', N'194 Road ', N'Lauderdale Lakes', N'FL', N'30332', N'999-999-9990')
INSERT [dbo].[people] ( [lastName], [firstName], [dateOfBirth], [streetAddress], [city], [state], [zip], [phoneNumber]) VALUES (N'Jacobs', N'Joshua', '1989-05-27', N'204 Court', N'Tulsa', N'OK', N'30332', N'999-999-9990')
INSERT [dbo].[people] ( [lastName], [firstName], [dateOfBirth], [streetAddress], [city], [state], [zip], [phoneNumber]) VALUES (N'Jennings', N'Anfernee', '1972-07-08', N'264 Court', N'Dadeville', N'AL', N'30332', N'999-999-9990')
INSERT [dbo].[people] ( [lastName], [firstName], [dateOfBirth], [streetAddress], [city], [state], [zip], [phoneNumber]) VALUES (N'Jennings', N'Shawn', '1968-02-21', N'200 Court', N'Dadeville', N'AL', N'30332', N'999-999-9990')
INSERT [dbo].[people] ( [lastName], [firstName], [dateOfBirth], [streetAddress], [city], [state], [zip], [phoneNumber]) VALUES (N'Jones', N'Hootie', '1986-08-03', N'215	Court', N'Monroe', N'LA', N'30332', N'999-999-9990')
INSERT [dbo].[people] ( [lastName], [firstName], [dateOfBirth], [streetAddress], [city], [state], [zip], [phoneNumber]) VALUES (N'Knott', N'Nigel', '1977-11-09', N'175	Court', N'MaidAven', N'MS', N'30332', N'999-999-9990')
INSERT [dbo].[people] ( [lastName], [firstName], [dateOfBirth], [streetAddress], [city], [state], [zip], [phoneNumber]) VALUES (N'Lewis', N'Rogria', '1963-09-14', N'196	Court', N'Birmingham', N'AL', N'30332', N'999-999-9990')
INSERT [dbo].[people] ( [lastName], [firstName], [dateOfBirth], [streetAddress], [city], [state], [zip], [phoneNumber]) VALUES (N'Marks', N'Torin', '1979-10-07', N'175	Court', N'Rosenberg', N'TX', N'30332', N'999-999-9990')
INSERT [dbo].[people] ( [lastName], [firstName], [dateOfBirth], [streetAddress], [city], [state], [zip], [phoneNumber]) VALUES (N'Marks', N'Xavian', '1967-01-08', N'166	Ave', N'Rosenberg', N'TX', N'30332', N'999-999-9990')
INSERT [dbo].[people] ( [lastName], [firstName], [dateOfBirth], [streetAddress], [city], [state], [zip], [phoneNumber]) VALUES (N'Mayden', N'Jared', '1984-06-09', N'200	Court', N'Sachse', N'TX', N'30332', N'999-999-9990')
INSERT [dbo].[people] ( [lastName], [firstName], [dateOfBirth], [streetAddress], [city], [state], [zip], [phoneNumber]) VALUES (N'Morris', N'Alec', '1979-01-25', N'233	Road', N'Allen', N'TX', N'30332', N'999-999-9990')
INSERT [dbo].[people] ( [lastName], [firstName], [dateOfBirth], [streetAddress], [city], [state], [zip], [phoneNumber]) VALUES (N'Mosley', N'Jamey', '1972-06-09', N'228	Ave', N'Mobil', N'AL', N'30332', N'999-999-9990')
INSERT [dbo].[people] ( [lastName], [firstName], [dateOfBirth], [streetAddress], [city], [state], [zip], [phoneNumber]) VALUES (N'Murphy', N'Montana', '1966-12-09', N'201	Court', N'Trophy Club', N'rt', N'30332', N'999-999-9990')
INSERT [dbo].[people] ( [lastName], [firstName], [dateOfBirth], [streetAddress], [city], [state], [zip], [phoneNumber]) VALUES (N'Ridley', N'Calvin', '1990-07-03', N'188 SO', N'Coconut Creek', N'FL', N'30332', N'898-900-9999')
INSERT [dbo].[people] ( [lastName], [firstName], [dateOfBirth], [streetAddress], [city], [state], [zip], [phoneNumber]) VALUES (N'RobinAven', N'Aaron', '1961-07-09', N'181 Court', N'Deerfield Beach', N'FL', N'30332', N'999-999-9990')
INSERT [dbo].[people] ( [lastName], [firstName], [dateOfBirth], [streetAddress], [city], [state], [zip], [phoneNumber]) VALUES (N'Scarbrough', N'Bo', '1982-04-04', N'228 Ave', N'Northport', N'AL', N'30332', N'999-999-9990')
INSERT [dbo].[people] ( [lastName], [firstName], [dateOfBirth], [streetAddress], [city], [state], [zip], [phoneNumber]) VALUES (N'Scott', N'JK', '1973-07-22', N'202	Court', N'Denver', N'CO', N'30332', N'999-999-9990')
INSERT [dbo].[people] ( [lastName], [firstName], [dateOfBirth], [streetAddress], [city], [state], [zip], [phoneNumber]) VALUES (N'Simmons', N'T.J.', '1971-05-11', N'201	Court', N'PinAven', N'AL', N'30332', N'999-999-9990')
INSERT [dbo].[people] ( [lastName], [firstName], [dateOfBirth], [streetAddress], [city], [state], [zip], [phoneNumber]) VALUES (N'Sims', N'Cam', '1970-04-17', N'203	Court', N'Monroe', N'LA', N'30332', N'999-999-9990')
INSERT [dbo].[people] ( [lastName], [firstName], [dateOfBirth], [streetAddress], [city], [state], [zip], [phoneNumber]) VALUES (N'Staskelunas', N'Nate', '1970-09-08', N'207	Road', N'Greenville', N'NC', N'30332', N'999-999-9990')
INSERT [dbo].[people] ( [lastName], [firstName], [dateOfBirth], [streetAddress], [city], [state], [zip], [phoneNumber]) VALUES (N'Stewart', N'ArDarius', '1976-10-28', N'204	Court', N'Fultondale', N'AL', N'30332', N'999-999-9990')
INSERT [dbo].[people] ( [lastName], [firstName], [dateOfBirth], [streetAddress], [city], [state], [zip], [phoneNumber]) VALUES (N'ThompAven', N'Deionte', '1975-09-07', N'190 Court', N'Orange', N'TX', N'30332', N'999-999-9990')
INSERT [dbo].[people] ( [lastName], [firstName], [dateOfBirth], [streetAddress], [city], [state], [zip], [phoneNumber]) VALUES (N'WilAven', N'Mack', '1974-05-11', N'244	Court', N'Montgomery', N'AL', N'30332', N'999-999-9990')
INSERT [dbo].[people] ( [lastName], [firstName], [dateOfBirth], [streetAddress], [city], [state], [zip], [phoneNumber]) VALUES (N'Woods', N'Thomas', '1989-05-21', N'165	Court', N'Birmingham', N'AL', N'30332', N'999-999-9990')

/*** Tests  ***/
INSERT [dbo].[tests]([testCode], [testName]) VALUES (N'DHEA', N'Dehydroepiandrosterone')
INSERT [dbo].[tests]([testCode], [testName]) VALUES (N'FLU', N'Flu Test')
INSERT [dbo].[tests]([testCode], [testName]) VALUES (N'HDL', N'High Density Lipoproteins')
INSERT [dbo].[tests]([testCode], [testName]) VALUES (N'HEPA-A', N'Hepatitis A Test')
INSERT [dbo].[tests]([testCode], [testName]) VALUES (N'HEPA-B', N'Hepatitis B Test')
INSERT [dbo].[tests]([testCode], [testName]) VALUES (N'LDL', N'Low Density Lipoproteins')
INSERT [dbo].[tests]([testCode], [testName]) VALUES (N'TSH', N'Thyroid Stimulating Hormone')
INSERT [dbo].[tests]([testCode], [testName]) VALUES (N'WBC', N'White Blood Cell')

/*** Employee Data ***/
INSERT [dbo].[clinicEmployees]([userName], [passwords])VALUES (N'aaverett9', N'somepasswords')
INSERT [dbo].[clinicEmployees]([userName], [passwords])VALUES (N'ajennings', N'somepasswords')
INSERT [dbo].[clinicEmployees]([userName], [passwords])VALUES (N'dgore9', N'somepasswords')
INSERT [dbo].[clinicEmployees]([userName], [passwords])VALUES (N'dhand9', N'somepasswords')
INSERT [dbo].[clinicEmployees]([userName], [passwords])VALUES (N'dharris9', N'somepasswords')
INSERT [dbo].[clinicEmployees]([userName], [passwords])VALUES (N'ejackaven9', N'somepasswords')
INSERT [dbo].[clinicEmployees]([userName], [passwords])VALUES (N'hjones9', N'somepasswords')
INSERT [dbo].[clinicEmployees]([userName], [passwords])VALUES (N'jjacobs9', N'somepasswords')
INSERT [dbo].[clinicEmployees]([userName], [passwords])VALUES (N'jmayden9', N'somepasswords')
INSERT [dbo].[clinicEmployees]([userName], [passwords])VALUES (N'mfitzpatrick9', N'somepasswords')
INSERT [dbo].[clinicEmployees]([userName], [passwords])VALUES (N'mhumphery9', N'somepasswords')
INSERT [dbo].[clinicEmployees]([userName], [passwords])VALUES (N'mwilaven9', N'somepasswords')
INSERT [dbo].[clinicEmployees]([userName], [passwords])VALUES (N'nstaskelunas9', N'somepasswords')
INSERT [dbo].[clinicEmployees]([userName], [passwords])VALUES (N'rclark9', N'somepasswords')
INSERT [dbo].[clinicEmployees]([userName], [passwords])VALUES (N'revans9', N'somepasswords')
INSERT [dbo].[clinicEmployees]([userName], [passwords])VALUES (N'scarter9', N'somepasswords')
INSERT [dbo].[clinicEmployees]([userName], [passwords])VALUES (N'tdiggs9', N'somepasswords')
INSERT [dbo].[clinicEmployees]([userName], [passwords])VALUES (N'thall9', N'somepasswords')
INSERT [dbo].[clinicEmployees]([userName], [passwords])VALUES (N'tmarks9', N'somepasswords')

/*** Doctor Data ***/
INSERT [dbo].[doctors]([doctorID], [peopleID], [userName]) VALUES (N'doc0000001', 19, N'thall9')
INSERT [dbo].[doctors]([doctorID], [peopleID], [userName]) VALUES (N'doc0000002', 26, N'jjacobs9')
INSERT [dbo].[doctors]([doctorID], [peopleID], [userName]) VALUES (N'doc0000003', 23, N'mhumphery9')
INSERT [dbo].[doctors]([doctorID], [peopleID], [userName]) VALUES (N'doc0000004', 18, N'dgore9')
INSERT [dbo].[doctors]([doctorID], [peopleID], [userName]) VALUES (N'doc0000005', 3, N'aaverett9')
INSERT [dbo].[doctors]([doctorID], [peopleID], [userName]) VALUES (N'doc0000006', 15, N'mfitzpatrick9')

/*** Nurses Data ***/
INSERT [dbo].[nurses]([nurseID], [peopleID], [userName]) VALUES (N'nur0000001', 25, N'ejackaven9')
INSERT [dbo].[nurses]([nurseID], [peopleID], [userName]) VALUES (N'nur0000002', 6, N'scarter9')
INSERT [dbo].[nurses]([nurseID], [peopleID], [userName]) VALUES (N'nur0000003', 7, N'rclark9')
INSERT [dbo].[nurses]([nurseID], [peopleID], [userName]) VALUES (N'nur0000004', 29, N'hjones9')
INSERT [dbo].[nurses]([nurseID], [peopleID], [userName]) VALUES (N'nur0000005', 11, N'tdiggs9')
INSERT [dbo].[nurses]([nurseID], [peopleID], [userName]) VALUES (N'nur0000006', 34, N'jmayden9')
INSERT [dbo].[nurses]([nurseID], [peopleID], [userName]) VALUES (N'nur0000007', 20, N'dhand9')

/*** Administrators Data ***/
INSERT [dbo].[administrators]([adminID], [peopleID], [userName]) VALUES (N'admin00001', 47, N'mwilaven9')
INSERT [dbo].[administrators]([adminID], [peopleID], [userName]) VALUES (N'admin00002', 14, N'revans9')
INSERT [dbo].[administrators]([adminID], [peopleID], [userName]) VALUES (N'admin00004', 22, N'dharris9')
INSERT [dbo].[administrators]([adminID], [peopleID], [userName]) VALUES (N'admin00005', 44, N'nstaskelunas9')
INSERT [dbo].[administrators]([adminID], [peopleID], [userName]) VALUES (N'admin00006', 32, N'tmarks9')

/*** Patients Data ***/
INSERT [dbo].[patients]([patientID], [peopleID]) VALUES (N'pat0000037', 1)
INSERT [dbo].[patients]([patientID], [peopleID]) VALUES (N'pat0000028', 2)
INSERT [dbo].[patients]([patientID], [peopleID]) VALUES (N'pat0000034', 3)
INSERT [dbo].[patients]([patientID], [peopleID]) VALUES (N'pat0000021', 4)
INSERT [dbo].[patients]([patientID], [peopleID]) VALUES (N'pat0000002', 6)
INSERT [dbo].[patients]([patientID], [peopleID]) VALUES (N'pat0000003', 7)
INSERT [dbo].[patients]([patientID], [peopleID]) VALUES (N'pat0000012', 8)
INSERT [dbo].[patients]([patientID], [peopleID]) VALUES (N'pat0000010', 10)
INSERT [dbo].[patients]([patientID], [peopleID]) VALUES (N'pat0000005', 11)
INSERT [dbo].[patients]([patientID], [peopleID]) VALUES (N'pat0000025', 12)
INSERT [dbo].[patients]([patientID], [peopleID]) VALUES (N'pat0000026', 13)
INSERT [dbo].[patients]([patientID], [peopleID]) VALUES (N'pat0000038', 14)
INSERT [dbo].[patients]([patientID], [peopleID]) VALUES (N'pat0000035', 15)
INSERT [dbo].[patients]([patientID], [peopleID]) VALUES (N'pat0000009', 16)
INSERT [dbo].[patients]([patientID], [peopleID]) VALUES (N'pat0000033', 18)
INSERT [dbo].[patients]([patientID], [peopleID]) VALUES (N'pat0000030', 19)
INSERT [dbo].[patients]([patientID], [peopleID]) VALUES (N'pat0000007', 20)
INSERT [dbo].[patients]([patientID], [peopleID]) VALUES (N'pat0000016', 21)
INSERT [dbo].[patients]([patientID], [peopleID]) VALUES (N'pat0000040', 22)
INSERT [dbo].[patients]([patientID], [peopleID]) VALUES (N'pat0000032', 23)
INSERT [dbo].[patients]([patientID], [peopleID]) VALUES (N'pat0000001', 25)
INSERT [dbo].[patients]([patientID], [peopleID]) VALUES (N'pat0000031', 26)
INSERT [dbo].[patients]([patientID], [peopleID]) VALUES (N'pat0000039', 27)
INSERT [dbo].[patients]([patientID], [peopleID]) VALUES (N'pat0000022', 28)
INSERT [dbo].[patients]([patientID], [peopleID]) VALUES (N'pat0000004', 29)
INSERT [dbo].[patients]([patientID], [peopleID]) VALUES (N'pat0000013', 30)
INSERT [dbo].[patients]([patientID], [peopleID]) VALUES (N'pat0000027', 31)
INSERT [dbo].[patients]([patientID], [peopleID]) VALUES (N'pat0000042', 32)
INSERT [dbo].[patients]([patientID], [peopleID]) VALUES (N'pat0000023', 33)
INSERT [dbo].[patients]([patientID], [peopleID]) VALUES (N'pat0000006', 34)
INSERT [dbo].[patients]([patientID], [peopleID]) VALUES (N'pat0000011', 35)
INSERT [dbo].[patients]([patientID], [peopleID]) VALUES (N'pat0000018', 36)
INSERT [dbo].[patients]([patientID], [peopleID]) VALUES (N'pat0000024', 37)
INSERT [dbo].[patients]([patientID], [peopleID]) VALUES (N'pat0000029', 39)
INSERT [dbo].[patients]([patientID], [peopleID]) VALUES (N'pat0000008', 40)
INSERT [dbo].[patients]([patientID], [peopleID]) VALUES (N'pat0000017', 41)
INSERT [dbo].[patients]([patientID], [peopleID]) VALUES (N'pat0000019', 42)
INSERT [dbo].[patients]([patientID], [peopleID]) VALUES (N'pat0000020', 43)
INSERT [dbo].[patients]([patientID], [peopleID]) VALUES (N'pat0000041', 44)
INSERT [dbo].[patients]([patientID], [peopleID]) VALUES (N'pat0000014', 45)
INSERT [dbo].[patients]([patientID], [peopleID]) VALUES (N'pat0000015', 46)
INSERT [dbo].[patients]([patientID], [peopleID]) VALUES (N'pat0000036', 47)


/*** Appointment Data ***/
INSERT [dbo].[appointment]([date], [reasonForVisit], [doctorID], [patientID]) VALUES ('2016-01-10 13:00:00', N'Heart attack', N'doc0000003', N'pat0000010')
INSERT [dbo].[appointment]([date], [reasonForVisit], [doctorID], [patientID]) VALUES ('2010-10-10 13:00:00', N'Heart attack', N'doc0000002', N'pat0000001')
INSERT [dbo].[appointment]([date], [reasonForVisit], [doctorID], [patientID]) VALUES ('2010-12-10 13:00:00', N'Heart attack', N'doc0000005', N'pat0000032')
INSERT [dbo].[appointment]([date], [reasonForVisit], [doctorID], [patientID]) VALUES ('2011-09-10 13:00:00', N'Heart attack', N'doc0000004', N'pat0000011')
INSERT [dbo].[appointment]([date], [reasonForVisit], [doctorID], [patientID]) VALUES ('2011-10-10 13:00:00', N'Heart attack', N'doc0000003', N'pat0000002')
INSERT [dbo].[appointment]([date], [reasonForVisit], [doctorID], [patientID]) VALUES ('2016-06-20 15:20:00', N'Heart attack', N'doc0000006', N'pat0000022')
INSERT [dbo].[appointment]([date], [reasonForVisit], [doctorID], [patientID]) VALUES ('2012-10-10 10:00:00', N'Heart attack', N'doc0000004', N'pat0000003')
INSERT [dbo].[appointment]([date], [reasonForVisit], [doctorID], [patientID]) VALUES ('2016-05-20 13:00:00', N'Heart attack', N'doc0000004', N'pat0000031')
INSERT [dbo].[appointment]([date], [reasonForVisit], [doctorID], [patientID]) VALUES ('2013-06-10 13:00:00', N'Heart attack', N'doc0000005', N'pat0000021')
INSERT [dbo].[appointment]([date], [reasonForVisit], [doctorID], [patientID]) VALUES ('2013-10-10 15:00:00', N'Heart attack', N'doc0000005', N'pat0000004')
INSERT [dbo].[appointment]([date], [reasonForVisit], [doctorID], [patientID]) VALUES ('2013-12-10 13:00:00', N'Heart attack', N'doc0000006', N'pat0000034')
INSERT [dbo].[appointment]([date], [reasonForVisit], [doctorID], [patientID]) VALUES ('2014-02-10 13:00:00', N'Heart attack', N'doc0000001', N'pat0000020')
INSERT [dbo].[appointment]([date], [reasonForVisit], [doctorID], [patientID]) VALUES ('2014-10-10 14:00:00', N'Heart attack', N'doc0000006', N'pat0000005')
INSERT [dbo].[appointment]([date], [reasonForVisit], [doctorID], [patientID]) VALUES ('2015-03-10 13:00:00', N'Heart attack', N'doc0000002', N'pat0000019')
INSERT [dbo].[appointment]([date], [reasonForVisit], [doctorID], [patientID]) VALUES ('2015-10-10 11:00:00', N'Heart attack', N'doc0000001', N'pat0000006')
INSERT [dbo].[appointment]([date], [reasonForVisit], [doctorID], [patientID]) VALUES ('2016-02-10 13:00:00', N'Heart attack', N'doc0000003', N'pat0000030')
INSERT [dbo].[appointment]([date], [reasonForVisit], [doctorID], [patientID]) VALUES ('2016-10-10 13:00:00', N'Heart attack', N'doc0000002', N'pat0000009')
INSERT [dbo].[appointment]([date], [reasonForVisit], [doctorID], [patientID]) VALUES ('2014-05-13 13:02:00', N'Anxiety', N'doc0000005', N'pat0000013')
INSERT [dbo].[appointment]([date], [reasonForVisit], [doctorID], [patientID]) VALUES ('2015-01-15 9:00:00', N'Appendix', N'doc0000006', N'pat0000005')
INSERT [dbo].[appointment]([date], [reasonForVisit], [doctorID], [patientID]) VALUES ('2015-03-18 9:30:00', N'Colon', N'doc0000001', N'pat0000007')
INSERT [dbo].[appointment]([date], [reasonForVisit], [doctorID], [patientID]) VALUES ('2015-06-18 10:30:00', N'eye hurts', N'doc0000002', N'pat0000029')
INSERT [dbo].[appointment]([date], [reasonForVisit], [doctorID], [patientID]) VALUES ('2015-08-06 11:35:00', N'head hurts', N'doc0000003', N'pat0000027')
INSERT [dbo].[appointment]([date], [reasonForVisit], [doctorID], [patientID]) VALUES ('2015-09-20 14:15:00', N'foot', N'doc0000004', N'pat0000039')
INSERT [dbo].[appointment]([date], [reasonForVisit], [doctorID], [patientID]) VALUES ('2015-11-10 11:00:00', N'lips hurt', N'doc0000005', N'pat0000015')
INSERT [dbo].[appointment]([date], [reasonForVisit], [doctorID], [patientID]) VALUES ('2015-12-19 13:00:00', N'ear ', N'doc0000006', N'pat0000011')
INSERT [dbo].[appointment]([date], [reasonForVisit], [doctorID], [patientID]) VALUES ('2016-03-03 14:30:00', N'pancrease', N'doc0000001', N'pat0000037')
INSERT [dbo].[appointment]([date], [reasonForVisit], [doctorID], [patientID]) VALUES ('2016-05-02 10:00:00', N'Anxiety', N'doc0000002', N'pat0000035')
INSERT [dbo].[appointment]([date], [reasonForVisit], [doctorID], [patientID]) VALUES ('2016-07-14 11:05:00', N'Appendix', N'doc0000003', N'pat0000017')
INSERT [dbo].[appointment]([date], [reasonForVisit], [doctorID], [patientID]) VALUES ('2016-07-20 9:00:00', N'Heart attack', N'doc0000004', N'pat0000023')
INSERT [dbo].[appointment]([date], [reasonForVisit], [doctorID], [patientID]) VALUES ('2016-08-23 10:00:00', N'flu like symptoms', N'doc0000005', N'pat0000009')
INSERT [dbo].[appointment]([date], [reasonForVisit], [doctorID], [patientID]) VALUES ('2015-02-10 9:00:00', N'baby', N'doc0000004', N'pat0000006')
INSERT [dbo].[appointment]([date], [reasonForVisit], [doctorID], [patientID]) VALUES ('2016-08-28 10:00:00', N'stomach', N'doc0000003', N'pat0000008')
INSERT [dbo].[appointment]([date], [reasonForVisit], [doctorID], [patientID]) VALUES ('2016-08-08 11:00:00', N'leopracy', N'doc0000002', N'pat0000012')
INSERT [dbo].[appointment]([date], [reasonForVisit], [doctorID], [patientID]) VALUES ('2016-07-29 10:00:00', N'Heart attack', N'doc0000001', N'pat0000014')
INSERT [dbo].[appointment]([date], [reasonForVisit], [doctorID], [patientID]) VALUES ('2016-10-07 15:00:00', N'cough', N'doc0000001', N'pat0000042')
INSERT [dbo].[appointment]([date], [reasonForVisit], [doctorID], [patientID]) VALUES ('2016-07-12 12:00:00', N'lungs', N'doc0000002', N'pat0000041')
INSERT [dbo].[appointment]([date], [reasonForVisit], [doctorID], [patientID]) VALUES ('2016-06-09 9:15:00', N'busted head', N'doc0000003', N'pat0000040')
INSERT [dbo].[appointment]([date], [reasonForVisit], [doctorID], [patientID]) VALUES ('2016-07-19 11:15:00', N'Heart attack', N'doc0000004', N'pat0000016')
INSERT [dbo].[appointment]([date], [reasonForVisit], [doctorID], [patientID]) VALUES ('2016-02-20 10:10:10', N'stroke', N'doc0000005', N'pat0000018')
INSERT [dbo].[appointment]([date], [reasonForVisit], [doctorID], [patientID]) VALUES ('2016-06-29 15:30:00', N'Heart attack', N'doc0000003', N'pat0000020')
INSERT [dbo].[appointment]([date], [reasonForVisit], [doctorID], [patientID]) VALUES ('2016-08-20 16:00:00', N'low sugar', N'doc0000006', N'pat0000024')
INSERT [dbo].[appointment]([date], [reasonForVisit], [doctorID], [patientID]) VALUES ('2016-09-20 15:20:00', N'Colon', N'doc0000006', N'pat0000025')
INSERT [dbo].[appointment]([date], [reasonForVisit], [doctorID], [patientID]) VALUES ('2016-10-20 16:00:00', N'Anxiety', N'doc0000006', N'pat0000026')
INSERT [dbo].[appointment]([date], [reasonForVisit], [doctorID], [patientID]) VALUES ('2016-08-20 13:00:00', N'head hurts', N'doc0000006', N'pat0000028')
INSERT [dbo].[appointment]([date], [reasonForVisit], [doctorID], [patientID]) VALUES ('2016-06-20 9:00:00', N'stomach', N'doc0000006', N'pat0000030')
INSERT [dbo].[appointment]([date], [reasonForVisit], [doctorID], [patientID]) VALUES ('2016-01-23 8:00:00', N'Anxiety', N'doc0000001', N'pat0000032')
INSERT [dbo].[appointment]([date], [reasonForVisit], [doctorID], [patientID]) VALUES ('2016-02-26 10:00:00', N'toe hurts', N'doc0000002', N'pat0000033')
INSERT [dbo].[appointment]([date], [reasonForVisit], [doctorID], [patientID]) VALUES ('2016-03-29 11:00:00', N'Anxiety', N'doc0000003', N'pat0000034')
INSERT [dbo].[appointment]([date], [reasonForVisit], [doctorID], [patientID]) VALUES ('2016-02-01 12:00:00', N'Heart attack', N'doc0000004', N'pat0000036')
INSERT [dbo].[appointment]([date], [reasonForVisit], [doctorID], [patientID]) VALUES ('2016-06-05 13:00:00', N'Heart attack', N'doc0000004', N'pat0000036')
INSERT [dbo].[appointment]([date], [reasonForVisit], [doctorID], [patientID]) VALUES ('2016-04-05 12:00:00', N'fingerietise', N'doc0000005', N'pat0000038')
INSERT [dbo].[appointment]([date], [reasonForVisit], [doctorID], [patientID]) VALUES ('2016-08-11 14:00:00', N'Anxiety', N'doc0000005', N'pat0000038')

/*** Vitals Data ***/
INSERT [dbo].[vitals]([appointment_date], [appointment_doctorID], [appointment_patientID], [nurses_nurseID], [systolic], [diastolic], [temperature], [pulse], [symptoms], [diagnosis]) VALUES ('2016-01-10 13:00:00', N'doc0000003', N'pat0000010', N'nur0000001', N'90', N'70', N'98', N'75', N'nausea', N'stomach bug')
INSERT [dbo].[vitals]([appointment_date], [appointment_doctorID], [appointment_patientID], [nurses_nurseID], [systolic], [diastolic], [temperature], [pulse], [symptoms], [diagnosis]) VALUES ('2010-10-10 13:00:00', N'doc0000002', N'pat0000001', N'nur0000002', N'120', N'80', N'99', N'88', N'beating chest', N'heart attack')
INSERT [dbo].[vitals]([appointment_date], [appointment_doctorID], [appointment_patientID], [nurses_nurseID], [systolic], [diastolic], [temperature], [pulse], [symptoms], [diagnosis]) VALUES ('2010-12-10 13:00:00', N'doc0000005', N'pat0000032', N'nur0000003', N'130', N'90', N'97', N'80', N'painful rash', N'funk')
INSERT [dbo].[vitals]([appointment_date], [appointment_doctorID], [appointment_patientID], [nurses_nurseID], [systolic], [diastolic], [temperature], [pulse], [symptoms], [diagnosis]) VALUES ('2011-09-10 13:00:00', N'doc0000004', N'pat0000011', N'nur0000004', N'140', N'110', N'98', N'100', N'fever and chills', N'flu')
INSERT [dbo].[vitals]([appointment_date], [appointment_doctorID], [appointment_patientID], [nurses_nurseID], [systolic], [diastolic], [temperature], [pulse], [symptoms], [diagnosis]) VALUES ('2011-10-10 13:00:00', N'doc0000003', N'pat0000002', N'nur0000005', N'90', N'70', N'98', N'76', N'headache', N'headache')
INSERT [dbo].[vitals]([appointment_date], [appointment_doctorID], [appointment_patientID], [nurses_nurseID], [systolic], [diastolic], [temperature], [pulse], [symptoms], [diagnosis]) VALUES ('2016-06-20 15:20:00', N'doc0000006', N'pat0000022', N'nur0000006', N'120', N'70', N'99', N'56', N'abdominal pain', N'stomach bug')
INSERT [dbo].[vitals]([appointment_date], [appointment_doctorID], [appointment_patientID], [nurses_nurseID], [systolic], [diastolic], [temperature], [pulse], [symptoms], [diagnosis]) VALUES ('2012-10-10 10:00:00', N'doc0000004', N'pat0000003', N'nur0000007', N'130', N'80', N'98', N'110', N'Fatigue', N'needs sleep')
INSERT [dbo].[vitals]([appointment_date], [appointment_doctorID], [appointment_patientID], [nurses_nurseID], [systolic], [diastolic], [temperature], [pulse], [symptoms], [diagnosis]) VALUES ('2016-05-20 13:00:00', N'doc0000004', N'pat0000031', N'nur0000001', N'140', N'70', N'99', N'150', N'nausea', N'stomach bug')
INSERT [dbo].[vitals]([appointment_date], [appointment_doctorID], [appointment_patientID], [nurses_nurseID], [systolic], [diastolic], [temperature], [pulse], [symptoms], [diagnosis]) VALUES ('2013-06-10 13:00:00', N'doc0000005', N'pat0000021', N'nur0000002', N'90', N'80', N'97', N'75', N'beating chest', N'heart attack')
INSERT [dbo].[vitals]([appointment_date], [appointment_doctorID], [appointment_patientID], [nurses_nurseID], [systolic], [diastolic], [temperature], [pulse], [symptoms], [diagnosis]) VALUES ('2013-10-10 15:00:00', N'doc0000005', N'pat0000004', N'nur0000003', N'120', N'90', N'98', N'75', N'painful rash', N'funk')
INSERT [dbo].[vitals]([appointment_date], [appointment_doctorID], [appointment_patientID], [nurses_nurseID], [systolic], [diastolic], [temperature], [pulse], [symptoms], [diagnosis]) VALUES ('2013-12-10 13:00:00', N'doc0000006', N'pat0000034', N'nur0000004', N'130', N'110', N'98', N'88', N'fever and chills', N'flu')
INSERT [dbo].[vitals]([appointment_date], [appointment_doctorID], [appointment_patientID], [nurses_nurseID], [systolic], [diastolic], [temperature], [pulse], [symptoms], [diagnosis]) VALUES ('2014-02-10 13:00:00', N'doc0000001', N'pat0000020', N'nur0000005', N'140', N'70', N'99', N'80', N'headache', N'headache')
INSERT [dbo].[vitals]([appointment_date], [appointment_doctorID], [appointment_patientID], [nurses_nurseID], [systolic], [diastolic], [temperature], [pulse], [symptoms], [diagnosis]) VALUES ('2014-10-10 14:00:00', N'doc0000006', N'pat0000005', N'nur0000006', N'90', N'70', N'98', N'100', N'abdominal pain', N'stomach bug')
INSERT [dbo].[vitals]([appointment_date], [appointment_doctorID], [appointment_patientID], [nurses_nurseID], [systolic], [diastolic], [temperature], [pulse], [symptoms], [diagnosis]) VALUES ('2015-03-10 13:00:00', N'doc0000002', N'pat0000019', N'nur0000007', N'120', N'80', N'99', N'76', N'Fatigue', N'needs sleep')
INSERT [dbo].[vitals]([appointment_date], [appointment_doctorID], [appointment_patientID], [nurses_nurseID], [systolic], [diastolic], [temperature], [pulse], [symptoms], [diagnosis]) VALUES ('2015-10-10 11:00:00', N'doc0000001', N'pat0000006', N'nur0000001', N'130', N'70', N'97', N'56', N'nausea', N'stomach bug')
INSERT [dbo].[vitals]([appointment_date], [appointment_doctorID], [appointment_patientID], [nurses_nurseID], [systolic], [diastolic], [temperature], [pulse], [symptoms], [diagnosis]) VALUES ('2016-02-10 13:00:00', N'doc0000003', N'pat0000030', N'nur0000002', N'140', N'80', N'98', N'110', N'beating chest', N'heart attack')
INSERT [dbo].[vitals]([appointment_date], [appointment_doctorID], [appointment_patientID], [nurses_nurseID], [systolic], [diastolic], [temperature], [pulse], [symptoms], [diagnosis]) VALUES ('2016-10-10 13:00:00', N'doc0000002', N'pat0000009', N'nur0000003', N'90', N'90', N'98', N'150', N'painful rash', N'funk')
INSERT [dbo].[vitals]([appointment_date], [appointment_doctorID], [appointment_patientID], [nurses_nurseID], [systolic], [diastolic], [temperature], [pulse], [symptoms], [diagnosis]) VALUES ('2014-05-13 13:02:00', N'doc0000005', N'pat0000013', N'nur0000004', N'120', N'110', N'99', N'75', N'fever and chills', N'flu')
INSERT [dbo].[vitals]([appointment_date], [appointment_doctorID], [appointment_patientID], [nurses_nurseID], [systolic], [diastolic], [temperature], [pulse], [symptoms], [diagnosis]) VALUES ('2015-01-15 9:00:00', N'doc0000006', N'pat0000005', N'nur0000005', N'130', N'70', N'98', N'75', N'headache', N'headache')
INSERT [dbo].[vitals]([appointment_date], [appointment_doctorID], [appointment_patientID], [nurses_nurseID], [systolic], [diastolic], [temperature], [pulse], [symptoms], [diagnosis]) VALUES ('2015-03-18 9:30:00', N'doc0000001', N'pat0000007', N'nur0000006', N'140', N'70', N'99', N'88', N'abdominal pain', N'stomach bug')
INSERT [dbo].[vitals]([appointment_date], [appointment_doctorID], [appointment_patientID], [nurses_nurseID], [systolic], [diastolic], [temperature], [pulse], [symptoms], [diagnosis]) VALUES ('2015-06-18 10:30:00', N'doc0000002', N'pat0000029', N'nur0000007', N'90', N'80', N'97', N'80', N'Fatigue', N'needs sleep')
INSERT [dbo].[vitals]([appointment_date], [appointment_doctorID], [appointment_patientID], [nurses_nurseID], [systolic], [diastolic], [temperature], [pulse], [symptoms], [diagnosis]) VALUES ('2015-08-06 11:35:00', N'doc0000003', N'pat0000027', N'nur0000001', N'120', N'70', N'98', N'100', N'nausea', N'stomach bug')
INSERT [dbo].[vitals]([appointment_date], [appointment_doctorID], [appointment_patientID], [nurses_nurseID], [systolic], [diastolic], [temperature], [pulse], [symptoms], [diagnosis]) VALUES ('2015-09-20 14:15:00', N'doc0000004', N'pat0000039', N'nur0000002', N'130', N'80', N'98', N'76', N'beating chest', N'heart attack')
INSERT [dbo].[vitals]([appointment_date], [appointment_doctorID], [appointment_patientID], [nurses_nurseID], [systolic], [diastolic], [temperature], [pulse], [symptoms], [diagnosis]) VALUES ('2015-11-10 11:00:00', N'doc0000005', N'pat0000015', N'nur0000003', N'140', N'90', N'99', N'56', N'painful rash', N'funk')
INSERT [dbo].[vitals]([appointment_date], [appointment_doctorID], [appointment_patientID], [nurses_nurseID], [systolic], [diastolic], [temperature], [pulse], [symptoms], [diagnosis]) VALUES ('2015-12-19 13:00:00', N'doc0000006', N'pat0000011', N'nur0000004', N'90', N'110', N'98', N'110', N'fever and chills', N'flu')
INSERT [dbo].[vitals]([appointment_date], [appointment_doctorID], [appointment_patientID], [nurses_nurseID], [systolic], [diastolic], [temperature], [pulse], [symptoms], [diagnosis]) VALUES ('2016-03-03 14:30:00', N'doc0000001', N'pat0000037', N'nur0000005', N'120', N'70', N'99', N'150', N'headache', N'headache')
INSERT [dbo].[vitals]([appointment_date], [appointment_doctorID], [appointment_patientID], [nurses_nurseID], [systolic], [diastolic], [temperature], [pulse], [symptoms], [diagnosis]) VALUES ('2016-05-02 10:00:00', N'doc0000002', N'pat0000035', N'nur0000006', N'130', N'70', N'97', N'75', N'abdominal pain', N'stomach bug')
INSERT [dbo].[vitals]([appointment_date], [appointment_doctorID], [appointment_patientID], [nurses_nurseID], [systolic], [diastolic], [temperature], [pulse], [symptoms], [diagnosis]) VALUES ('2016-07-14 11:05:00', N'doc0000003', N'pat0000017', N'nur0000007', N'140', N'80', N'98', N'75', N'Fatigue', N'needs sleep')
INSERT [dbo].[vitals]([appointment_date], [appointment_doctorID], [appointment_patientID], [nurses_nurseID], [systolic], [diastolic], [temperature], [pulse], [symptoms], [diagnosis]) VALUES ('2016-07-20 9:00:00', N'doc0000004', N'pat0000023', N'nur0000001', N'90', N'70', N'98', N'88', N'nausea', N'stomach bug')
INSERT [dbo].[vitals]([appointment_date], [appointment_doctorID], [appointment_patientID], [nurses_nurseID], [systolic], [diastolic], [temperature], [pulse], [symptoms], [diagnosis]) VALUES ('2016-08-23 10:00:00', N'doc0000005', N'pat0000009', N'nur0000002', N'120', N'80', N'99', N'80', N'beating chest', N'heart attack')
INSERT [dbo].[vitals]([appointment_date], [appointment_doctorID], [appointment_patientID], [nurses_nurseID], [systolic], [diastolic], [temperature], [pulse], [symptoms], [diagnosis]) VALUES ('2015-02-10 9:00:00', N'doc0000004', N'pat0000006', N'nur0000003', N'130', N'90', N'98', N'100', N'painful rash', N'funk')
INSERT [dbo].[vitals]([appointment_date], [appointment_doctorID], [appointment_patientID], [nurses_nurseID], [systolic], [diastolic], [temperature], [pulse], [symptoms], [diagnosis]) VALUES ('2016-08-28 10:00:00', N'doc0000003', N'pat0000008', N'nur0000004', N'140', N'110', N'99', N'76', N'fever and chills', N'flu')
INSERT [dbo].[vitals]([appointment_date], [appointment_doctorID], [appointment_patientID], [nurses_nurseID], [systolic], [diastolic], [temperature], [pulse], [symptoms], [diagnosis]) VALUES ('2016-08-08 11:00:00', N'doc0000002', N'pat0000012', N'nur0000005', N'90', N'70', N'97', N'56', N'headache', N'headache')
INSERT [dbo].[vitals]([appointment_date], [appointment_doctorID], [appointment_patientID], [nurses_nurseID], [systolic], [diastolic], [temperature], [pulse], [symptoms], [diagnosis]) VALUES ('2016-07-29 10:00:00', N'doc0000001', N'pat0000014', N'nur0000006', N'120', N'70', N'98', N'110', N'abdominal pain', N'stomach bug')
INSERT [dbo].[vitals]([appointment_date], [appointment_doctorID], [appointment_patientID], [nurses_nurseID], [systolic], [diastolic], [temperature], [pulse], [symptoms], [diagnosis]) VALUES ('2016-10-07 15:00:00', N'doc0000001', N'pat0000042', N'nur0000007', N'130', N'80', N'98', N'150', N'Fatigue', N'needs sleep')
INSERT [dbo].[vitals]([appointment_date], [appointment_doctorID], [appointment_patientID], [nurses_nurseID], [systolic], [diastolic], [temperature], [pulse], [symptoms], [diagnosis]) VALUES ('2016-07-12 12:00:00', N'doc0000002', N'pat0000041', N'nur0000001', N'140', N'70', N'99', N'75', N'nausea', N'stomach bug')
INSERT [dbo].[vitals]([appointment_date], [appointment_doctorID], [appointment_patientID], [nurses_nurseID], [systolic], [diastolic], [temperature], [pulse], [symptoms], [diagnosis]) VALUES ('2016-06-09 9:15:00', N'doc0000003', N'pat0000040', N'nur0000002', N'90', N'80', N'98', N'75', N'beating chest', N'heart attack')
INSERT [dbo].[vitals]([appointment_date], [appointment_doctorID], [appointment_patientID], [nurses_nurseID], [systolic], [diastolic], [temperature], [pulse], [symptoms], [diagnosis]) VALUES ('2016-07-19 11:15:00', N'doc0000004', N'pat0000016', N'nur0000003', N'120', N'90', N'99', N'88', N'painful rash', N'funk')
INSERT [dbo].[vitals]([appointment_date], [appointment_doctorID], [appointment_patientID], [nurses_nurseID], [systolic], [diastolic], [temperature], [pulse], [symptoms], [diagnosis]) VALUES ('2016-02-20 10:10:10', N'doc0000005', N'pat0000018', N'nur0000004', N'130', N'110', N'97', N'80', N'fever and chills', N'flu')
INSERT [dbo].[vitals]([appointment_date], [appointment_doctorID], [appointment_patientID], [nurses_nurseID], [systolic], [diastolic], [temperature], [pulse], [symptoms], [diagnosis]) VALUES ('2016-06-29 15:30:00', N'doc0000003', N'pat0000020', N'nur0000005', N'140', N'70', N'98', N'100', N'headache', N'headache')
INSERT [dbo].[vitals]([appointment_date], [appointment_doctorID], [appointment_patientID], [nurses_nurseID], [systolic], [diastolic], [temperature], [pulse], [symptoms], [diagnosis]) VALUES ('2016-08-20 16:00:00', N'doc0000006', N'pat0000024', N'nur0000006', N'90', N'70', N'98', N'76', N'abdominal pain', N'stomach bug')
INSERT [dbo].[vitals]([appointment_date], [appointment_doctorID], [appointment_patientID], [nurses_nurseID], [systolic], [diastolic], [temperature], [pulse], [symptoms], [diagnosis]) VALUES ('2016-09-20 15:20:00', N'doc0000006', N'pat0000025', N'nur0000007', N'120', N'80', N'99', N'56', N'Fatigue', N'needs sleep')
INSERT [dbo].[vitals]([appointment_date], [appointment_doctorID], [appointment_patientID], [nurses_nurseID], [systolic], [diastolic], [temperature], [pulse], [symptoms], [diagnosis]) VALUES ('2016-10-20 16:00:00', N'doc0000006', N'pat0000026', N'nur0000001', N'130', N'70', N'98', N'110', N'nausea', N'stomach bug')
INSERT [dbo].[vitals]([appointment_date], [appointment_doctorID], [appointment_patientID], [nurses_nurseID], [systolic], [diastolic], [temperature], [pulse], [symptoms], [diagnosis]) VALUES ('2016-08-20 13:00:00', N'doc0000006', N'pat0000028', N'nur0000002', N'140', N'80', N'99', N'150', N'beating chest', N'heart attack')
INSERT [dbo].[vitals]([appointment_date], [appointment_doctorID], [appointment_patientID], [nurses_nurseID], [systolic], [diastolic], [temperature], [pulse], [symptoms], [diagnosis]) VALUES ('2016-06-20 9:00:00', N'doc0000006', N'pat0000030', N'nur0000003', N'90', N'90', N'97', N'75', N'painful rash', N'funk')
INSERT [dbo].[vitals]([appointment_date], [appointment_doctorID], [appointment_patientID], [nurses_nurseID], [systolic], [diastolic], [temperature], [pulse], [symptoms], [diagnosis]) VALUES ('2016-01-23 8:00:00', N'doc0000001', N'pat0000032', N'nur0000004', N'120', N'110', N'98', N'75', N'fever and chills', N'flu')
INSERT [dbo].[vitals]([appointment_date], [appointment_doctorID], [appointment_patientID], [nurses_nurseID], [systolic], [diastolic], [temperature], [pulse], [symptoms], [diagnosis]) VALUES ('2016-02-26 10:00:00', N'doc0000002', N'pat0000033', N'nur0000005', N'130', N'70', N'98', N'88', N'headache', N'headache')
INSERT [dbo].[vitals]([appointment_date], [appointment_doctorID], [appointment_patientID], [nurses_nurseID], [systolic], [diastolic], [temperature], [pulse], [symptoms], [diagnosis]) VALUES ('2016-03-29 11:00:00', N'doc0000003', N'pat0000034', N'nur0000006', N'140', N'70', N'99', N'80', N'abdominal pain', N'stomach bug')
INSERT [dbo].[vitals]([appointment_date], [appointment_doctorID], [appointment_patientID], [nurses_nurseID], [systolic], [diastolic], [temperature], [pulse], [symptoms], [diagnosis]) VALUES ('2016-02-01 12:00:00', N'doc0000004', N'pat0000036', N'nur0000007', N'90', N'80', N'98', N'100', N'Fatigue', N'needs sleep')
INSERT [dbo].[vitals]([appointment_date], [appointment_doctorID], [appointment_patientID], [nurses_nurseID], [systolic], [diastolic], [temperature], [pulse], [symptoms], [diagnosis]) VALUES ('2016-06-05 13:00:00', N'doc0000004', N'pat0000036', N'nur0000001', N'120', N'70', N'99', N'76', N'nausea', N'stomach bug')
INSERT [dbo].[vitals]([appointment_date], [appointment_doctorID], [appointment_patientID], [nurses_nurseID], [systolic], [diastolic], [temperature], [pulse], [symptoms], [diagnosis]) VALUES ('2016-04-05 12:00:00', N'doc0000005', N'pat0000038', N'nur0000002', N'130', N'80', N'97', N'56', N'beating chest', N'heart attack')
INSERT [dbo].[vitals]([appointment_date], [appointment_doctorID], [appointment_patientID], [nurses_nurseID], [systolic], [diastolic], [temperature], [pulse], [symptoms], [diagnosis]) VALUES ('2016-08-11 14:00:00', N'doc0000005', N'pat0000038', N'nur0000003', N'140', N'90', N'98', N'110', N'abdominal pain', N'funk')

/*** Appointment Has Tests Data ***/
INSERT [dbo].[appointment_has_tests]([appointment_date], [appointment_doctorID], [appointment_patientID], [tests_testCode], [testDate], [results]) VALUES ('2010-10-10 13:00:00', N'doc0000002', N'pat0000001', N'DHEA', '2016-10-02', N'normal')
INSERT [dbo].[appointment_has_tests]([appointment_date], [appointment_doctorID], [appointment_patientID], [tests_testCode], [testDate], [results]) VALUES ('2010-10-10 13:00:00', N'doc0000002', N'pat0000001', N'FLU', '2016-10-10', N'normal')
INSERT [dbo].[appointment_has_tests]([appointment_date], [appointment_doctorID], [appointment_patientID], [tests_testCode], [testDate], [results]) VALUES ('2010-10-10 13:00:00', N'doc0000002', N'pat0000001', N'HEPA-B', '2016-09-15', N'normal')
INSERT [dbo].[appointment_has_tests]([appointment_date], [appointment_doctorID], [appointment_patientID], [tests_testCode], [testDate], [results]) VALUES ('2010-10-10 13:00:00', N'doc0000002', N'pat0000001', N'LDL', '2015-05-20', N'normal')
INSERT [dbo].[appointment_has_tests]([appointment_date], [appointment_doctorID], [appointment_patientID], [tests_testCode], [testDate], [results]) VALUES ('2011-10-10 13:00:00', N'doc0000003', N'pat0000002', N'HDL', '2016-10-17', N'normal')
INSERT [dbo].[appointment_has_tests]([appointment_date], [appointment_doctorID], [appointment_patientID], [tests_testCode], [testDate], [results]) VALUES ('2011-10-10 13:00:00', N'doc0000003', N'pat0000002', N'HEPA-A', '2015-04-20', N'normal')
INSERT [dbo].[appointment_has_tests]([appointment_date], [appointment_doctorID], [appointment_patientID], [tests_testCode], [testDate], [results]) VALUES ('2011-10-10 13:00:00', N'doc0000003', N'pat0000002', N'TSH', '2016-09-27', N'normal')
INSERT [dbo].[appointment_has_tests]([appointment_date], [appointment_doctorID], [appointment_patientID], [tests_testCode], [testDate], [results]) VALUES ('2011-10-10 13:00:00', N'doc0000003', N'pat0000002', N'WBC', '2015-11-12', N'normal')
INSERT [dbo].[appointment_has_tests]([appointment_date], [appointment_doctorID], [appointment_patientID], [tests_testCode], [testDate], [results]) VALUES ('2012-10-10 10:00:00', N'doc0000004', N'pat0000003', N'DHEA', '2016-09-14', N'normal')
INSERT [dbo].[appointment_has_tests]([appointment_date], [appointment_doctorID], [appointment_patientID], [tests_testCode], [testDate], [results]) VALUES ('2012-10-10 10:00:00', N'doc0000004', N'pat0000003', N'FLU', '2016-09-22', N'normal')
INSERT [dbo].[appointment_has_tests]([appointment_date], [appointment_doctorID], [appointment_patientID], [tests_testCode], [testDate], [results]) VALUES ('2012-10-10 10:00:00', N'doc0000004', N'pat0000003', N'HEPA-B', '2015-03-20', N'normal')
INSERT [dbo].[appointment_has_tests]([appointment_date], [appointment_doctorID], [appointment_patientID], [tests_testCode], [testDate], [results]) VALUES ('2012-10-10 10:00:00', N'doc0000004', N'pat0000003', N'LDL', '2014-11-12', N'normal')
INSERT [dbo].[appointment_has_tests]([appointment_date], [appointment_doctorID], [appointment_patientID], [tests_testCode], [testDate], [results]) VALUES ('2013-10-10 15:00:00', N'doc0000005', N'pat0000004', N'HDL', '2015-02-20', N'normal')
INSERT [dbo].[appointment_has_tests]([appointment_date], [appointment_doctorID], [appointment_patientID], [tests_testCode], [testDate], [results]) VALUES ('2013-10-10 15:00:00', N'doc0000005', N'pat0000004', N'HEPA-A', '2014-12-13', N'normal')
INSERT [dbo].[appointment_has_tests]([appointment_date], [appointment_doctorID], [appointment_patientID], [tests_testCode], [testDate], [results]) VALUES ('2013-10-10 15:00:00', N'doc0000005', N'pat0000004', N'TSH', '2016-08-11', N'normal')
INSERT [dbo].[appointment_has_tests]([appointment_date], [appointment_doctorID], [appointment_patientID], [tests_testCode], [testDate], [results]) VALUES ('2013-10-10 15:00:00', N'doc0000005', N'pat0000004', N'WBC', '2016-09-17', N'normal')
INSERT [dbo].[appointment_has_tests]([appointment_date], [appointment_doctorID], [appointment_patientID], [tests_testCode], [testDate], [results]) VALUES ('2015-01-15 9:00:00', N'doc0000006', N'pat0000005', N'DHEA', '2015-01-20', N'normal')
INSERT [dbo].[appointment_has_tests]([appointment_date], [appointment_doctorID], [appointment_patientID], [tests_testCode], [testDate], [results]) VALUES ('2015-01-15 9:00:00', N'doc0000006', N'pat0000005', N'FLU', '2016-07-08', N'normal')
INSERT [dbo].[appointment_has_tests]([appointment_date], [appointment_doctorID], [appointment_patientID], [tests_testCode], [testDate], [results]) VALUES ('2015-01-15 9:00:00', N'doc0000006', N'pat0000005', N'HEPA-B', '2015-01-08', N'normal')
INSERT [dbo].[appointment_has_tests]([appointment_date], [appointment_doctorID], [appointment_patientID], [tests_testCode], [testDate], [results]) VALUES ('2015-01-15 9:00:00', N'doc0000006', N'pat0000005', N'LDL', '2016-09-12', N'normal')
INSERT [dbo].[appointment_has_tests]([appointment_date], [appointment_doctorID], [appointment_patientID], [tests_testCode], [testDate], [results]) VALUES ('2015-02-10 9:00:00', N'doc0000004', N'pat0000006', N'HDL', '2015-02-10', N'normal')
INSERT [dbo].[appointment_has_tests]([appointment_date], [appointment_doctorID], [appointment_patientID], [tests_testCode], [testDate], [results]) VALUES ('2015-02-10 9:00:00', N'doc0000004', N'pat0000006', N'HEPA-A', '2016-09-07', N'normal')
INSERT [dbo].[appointment_has_tests]([appointment_date], [appointment_doctorID], [appointment_patientID], [tests_testCode], [testDate], [results]) VALUES ('2015-02-10 9:00:00', N'doc0000004', N'pat0000006', N'TSH', '2014-12-20', N'normal')
INSERT [dbo].[appointment_has_tests]([appointment_date], [appointment_doctorID], [appointment_patientID], [tests_testCode], [testDate], [results]) VALUES ('2015-02-10 9:00:00', N'doc0000004', N'pat0000006', N'WBC', '2016-06-05', N'normal')
INSERT [dbo].[appointment_has_tests]([appointment_date], [appointment_doctorID], [appointment_patientID], [tests_testCode], [testDate], [results]) VALUES ('2015-03-18 9:30:00', N'doc0000001', N'pat0000007', N'DHEA', '2015-03-20', N'normal')
INSERT [dbo].[appointment_has_tests]([appointment_date], [appointment_doctorID], [appointment_patientID], [tests_testCode], [testDate], [results]) VALUES ('2015-03-18 9:30:00', N'doc0000001', N'pat0000007', N'FLU', '2015-03-20', N'normal')
INSERT [dbo].[appointment_has_tests]([appointment_date], [appointment_doctorID], [appointment_patientID], [tests_testCode], [testDate], [results]) VALUES ('2015-03-18 9:30:00', N'doc0000001', N'pat0000007', N'HEPA-B', '2015-03-20', N'normal')
INSERT [dbo].[appointment_has_tests]([appointment_date], [appointment_doctorID], [appointment_patientID], [tests_testCode], [testDate], [results]) VALUES ('2015-03-18 9:30:00', N'doc0000001', N'pat0000007', N'LDL', '2015-03-20', N'normal')
INSERT [dbo].[appointment_has_tests]([appointment_date], [appointment_doctorID], [appointment_patientID], [tests_testCode], [testDate], [results]) VALUES ('2016-08-28 10:00:00', N'doc0000003', N'pat0000008', N'HDL', '2016-08-28', N'normal')
INSERT [dbo].[appointment_has_tests]([appointment_date], [appointment_doctorID], [appointment_patientID], [tests_testCode], [testDate], [results]) VALUES ('2016-08-28 10:00:00', N'doc0000003', N'pat0000008', N'HEPA-A', '2016-03-30', N'normal')
INSERT [dbo].[appointment_has_tests]([appointment_date], [appointment_doctorID], [appointment_patientID], [tests_testCode], [testDate], [results]) VALUES ('2016-08-28 10:00:00', N'doc0000003', N'pat0000008', N'TSH', '2015-04-20', N'normal')
INSERT [dbo].[appointment_has_tests]([appointment_date], [appointment_doctorID], [appointment_patientID], [tests_testCode], [testDate], [results]) VALUES ('2016-08-28 10:00:00', N'doc0000003', N'pat0000008', N'WBC', '2014-10-20', N'normal')
INSERT [dbo].[appointment_has_tests]([appointment_date], [appointment_doctorID], [appointment_patientID], [tests_testCode], [testDate], [results]) VALUES ('2016-08-23 10:00:00', N'doc0000005', N'pat0000009', N'DHEA', '2016-08-23', N'normal')
INSERT [dbo].[appointment_has_tests]([appointment_date], [appointment_doctorID], [appointment_patientID], [tests_testCode], [testDate], [results]) VALUES ('2016-08-23 10:00:00', N'doc0000005', N'pat0000009', N'FLU', '2016-08-23', N'normal')
INSERT [dbo].[appointment_has_tests]([appointment_date], [appointment_doctorID], [appointment_patientID], [tests_testCode], [testDate], [results]) VALUES ('2016-08-23 10:00:00', N'doc0000005', N'pat0000009', N'HEPA-B', '2016-08-23', N'normal')
INSERT [dbo].[appointment_has_tests]([appointment_date], [appointment_doctorID], [appointment_patientID], [tests_testCode], [testDate], [results]) VALUES ('2016-08-23 10:00:00', N'doc0000005', N'pat0000009', N'LDL', '2016-08-23', N'normal')
INSERT [dbo].[appointment_has_tests]([appointment_date], [appointment_doctorID], [appointment_patientID], [tests_testCode], [testDate], [results]) VALUES ('2016-01-10 13:00:00', N'doc0000003', N'pat0000010', N'HDL', '2016-01-24', N'normal')
INSERT [dbo].[appointment_has_tests]([appointment_date], [appointment_doctorID], [appointment_patientID], [tests_testCode], [testDate], [results]) VALUES ('2016-01-10 13:00:00', N'doc0000003', N'pat0000010', N'HEPA-A', '2016-01-24', N'abnormal')
INSERT [dbo].[appointment_has_tests]([appointment_date], [appointment_doctorID], [appointment_patientID], [tests_testCode], [testDate], [results]) VALUES ('2016-01-10 13:00:00', N'doc0000003', N'pat0000010', N'TSH', '2016-01-24', N'normal')
INSERT [dbo].[appointment_has_tests]([appointment_date], [appointment_doctorID], [appointment_patientID], [tests_testCode], [testDate], [results]) VALUES ('2016-01-10 13:00:00', N'doc0000003', N'pat0000010', N'WBC', '2016-01-24', N'normal')
INSERT [dbo].[appointment_has_tests]([appointment_date], [appointment_doctorID], [appointment_patientID], [tests_testCode], [testDate], [results]) VALUES ('2015-12-19 13:00:00', N'doc0000006', N'pat0000011', N'DHEA', '2015-12-21', N'normal')
INSERT [dbo].[appointment_has_tests]([appointment_date], [appointment_doctorID], [appointment_patientID], [tests_testCode], [testDate], [results]) VALUES ('2015-12-19 13:00:00', N'doc0000006', N'pat0000011', N'FLU', '2015-12-21', N'normal')
INSERT [dbo].[appointment_has_tests]([appointment_date], [appointment_doctorID], [appointment_patientID], [tests_testCode], [testDate], [results]) VALUES ('2015-12-19 13:00:00', N'doc0000006', N'pat0000011', N'HEPA-B', '2015-12-21', N'abnormal')
INSERT [dbo].[appointment_has_tests]([appointment_date], [appointment_doctorID], [appointment_patientID], [tests_testCode], [testDate], [results]) VALUES ('2015-12-19 13:00:00', N'doc0000006', N'pat0000011', N'LDL', '2015-12-21', N'abnormal')
INSERT [dbo].[appointment_has_tests]([appointment_date], [appointment_doctorID], [appointment_patientID], [tests_testCode], [testDate], [results]) VALUES ('2016-08-08 11:00:00', N'doc0000002', N'pat0000012', N'HDL', '2016-08-08', N'abnormal')
INSERT [dbo].[appointment_has_tests]([appointment_date], [appointment_doctorID], [appointment_patientID], [tests_testCode], [testDate], [results]) VALUES ('2016-08-08 11:00:00', N'doc0000002', N'pat0000012', N'HEPA-A', '2016-08-08', N'abnormal')
INSERT [dbo].[appointment_has_tests]([appointment_date], [appointment_doctorID], [appointment_patientID], [tests_testCode], [testDate], [results]) VALUES ('2016-08-08 11:00:00', N'doc0000002', N'pat0000012', N'TSH', '2016-08-08', N'normal')
INSERT [dbo].[appointment_has_tests]([appointment_date], [appointment_doctorID], [appointment_patientID], [tests_testCode], [testDate], [results]) VALUES ('2016-08-08 11:00:00', N'doc0000002', N'pat0000012', N'WBC', '2016-08-08', N'normal')
INSERT [dbo].[appointment_has_tests]([appointment_date], [appointment_doctorID], [appointment_patientID], [tests_testCode], [testDate], [results]) VALUES ('2014-05-13 13:02:00', N'doc0000005', N'pat0000013', N'DHEA', '2014-05-20', N'normal')
INSERT [dbo].[appointment_has_tests]([appointment_date], [appointment_doctorID], [appointment_patientID], [tests_testCode], [testDate], [results]) VALUES ('2014-05-13 13:02:00', N'doc0000005', N'pat0000013', N'FLU', '2014-05-20', N'normal')
INSERT [dbo].[appointment_has_tests]([appointment_date], [appointment_doctorID], [appointment_patientID], [tests_testCode], [testDate], [results]) VALUES ('2014-05-13 13:02:00', N'doc0000005', N'pat0000013', N'HEPA-B', '2014-05-20', N'abnormal')
INSERT [dbo].[appointment_has_tests]([appointment_date], [appointment_doctorID], [appointment_patientID], [tests_testCode], [testDate], [results]) VALUES ('2014-05-13 13:02:00', N'doc0000005', N'pat0000013', N'LDL', '2014-05-20', N'abnormal')
INSERT [dbo].[appointment_has_tests]([appointment_date], [appointment_doctorID], [appointment_patientID], [tests_testCode], [testDate], [results]) VALUES ('2016-07-29 10:00:00', N'doc0000001', N'pat0000014', N'HDL', '2015-10-20', N'abnormal')
INSERT [dbo].[appointment_has_tests]([appointment_date], [appointment_doctorID], [appointment_patientID], [tests_testCode], [testDate], [results]) VALUES ('2016-07-29 10:00:00', N'doc0000001', N'pat0000014', N'HEPA-A', '2016-07-29', N'abnormal')
INSERT [dbo].[appointment_has_tests]([appointment_date], [appointment_doctorID], [appointment_patientID], [tests_testCode], [testDate], [results]) VALUES ('2016-07-29 10:00:00', N'doc0000001', N'pat0000014', N'TSH', '2014-04-20', N'normal')
INSERT [dbo].[appointment_has_tests]([appointment_date], [appointment_doctorID], [appointment_patientID], [tests_testCode], [testDate], [results]) VALUES ('2016-07-29 10:00:00', N'doc0000001', N'pat0000014', N'WBC', '2015-09-12', N'normal')
INSERT [dbo].[appointment_has_tests]([appointment_date], [appointment_doctorID], [appointment_patientID], [tests_testCode], [testDate], [results]) VALUES ('2015-11-10 11:00:00', N'doc0000005', N'pat0000015', N'DHEA', '2015-11-20', N'abnormal')
INSERT [dbo].[appointment_has_tests]([appointment_date], [appointment_doctorID], [appointment_patientID], [tests_testCode], [testDate], [results]) VALUES ('2015-11-10 11:00:00', N'doc0000005', N'pat0000015', N'FLU', '2015-11-20', N'normal')
INSERT [dbo].[appointment_has_tests]([appointment_date], [appointment_doctorID], [appointment_patientID], [tests_testCode], [testDate], [results]) VALUES ('2015-11-10 11:00:00', N'doc0000005', N'pat0000015', N'HEPA-B', '2015-11-20', N'abnormal')
INSERT [dbo].[appointment_has_tests]([appointment_date], [appointment_doctorID], [appointment_patientID], [tests_testCode], [testDate], [results]) VALUES ('2015-11-10 11:00:00', N'doc0000005', N'pat0000015', N'LDL', '2015-11-20', N'abnormal')
INSERT [dbo].[appointment_has_tests]([appointment_date], [appointment_doctorID], [appointment_patientID], [tests_testCode], [testDate], [results]) VALUES ('2016-07-19 11:15:00', N'doc0000004', N'pat0000016', N'HDL', '2016-07-19', N'normal')
INSERT [dbo].[appointment_has_tests]([appointment_date], [appointment_doctorID], [appointment_patientID], [tests_testCode], [testDate], [results]) VALUES ('2016-07-19 11:15:00', N'doc0000004', N'pat0000016', N'HEPA-A', '2016-07-19', N'abnormal')
INSERT [dbo].[appointment_has_tests]([appointment_date], [appointment_doctorID], [appointment_patientID], [tests_testCode], [testDate], [results]) VALUES ('2016-07-19 11:15:00', N'doc0000004', N'pat0000016', N'TSH', '2016-07-19', N'abnormal')
INSERT [dbo].[appointment_has_tests]([appointment_date], [appointment_doctorID], [appointment_patientID], [tests_testCode], [testDate], [results]) VALUES ('2016-07-19 11:15:00', N'doc0000004', N'pat0000016', N'WBC', '2016-07-19', N'normal')
INSERT [dbo].[appointment_has_tests]([appointment_date], [appointment_doctorID], [appointment_patientID], [tests_testCode], [testDate], [results]) VALUES ('2016-07-14 11:05:00', N'doc0000003', N'pat0000017', N'DHEA', '2016-07-14', N'normal')
INSERT [dbo].[appointment_has_tests]([appointment_date], [appointment_doctorID], [appointment_patientID], [tests_testCode], [testDate], [results]) VALUES ('2016-07-14 11:05:00', N'doc0000003', N'pat0000017', N'FLU', '2016-07-14', N'normal')
INSERT [dbo].[appointment_has_tests]([appointment_date], [appointment_doctorID], [appointment_patientID], [tests_testCode], [testDate], [results]) VALUES ('2016-07-14 11:05:00', N'doc0000003', N'pat0000017', N'HEPA-B', '2016-07-14', N'abnormal')
INSERT [dbo].[appointment_has_tests]([appointment_date], [appointment_doctorID], [appointment_patientID], [tests_testCode], [testDate], [results]) VALUES ('2016-07-14 11:05:00', N'doc0000003', N'pat0000017', N'LDL', '2016-07-14', N'normal')
INSERT [dbo].[appointment_has_tests]([appointment_date], [appointment_doctorID], [appointment_patientID], [tests_testCode], [testDate], [results]) VALUES ('2016-02-20 10:10:10', N'doc0000005', N'pat0000018', N'HDL', '2016-02-20', N'abnormal')
INSERT [dbo].[appointment_has_tests]([appointment_date], [appointment_doctorID], [appointment_patientID], [tests_testCode], [testDate], [results]) VALUES ('2016-02-20 10:10:10', N'doc0000005', N'pat0000018', N'HEPA-A', '2016-02-20', N'normal')
INSERT [dbo].[appointment_has_tests]([appointment_date], [appointment_doctorID], [appointment_patientID], [tests_testCode], [testDate], [results]) VALUES ('2016-02-20 10:10:10', N'doc0000005', N'pat0000018', N'TSH', '2016-02-20', N'abnormal')
INSERT [dbo].[appointment_has_tests]([appointment_date], [appointment_doctorID], [appointment_patientID], [tests_testCode], [testDate], [results]) VALUES ('2016-02-20 10:10:10', N'doc0000005', N'pat0000018', N'WBC', '2016-02-20', N'normal')
INSERT [dbo].[appointment_has_tests]([appointment_date], [appointment_doctorID], [appointment_patientID], [tests_testCode], [testDate], [results]) VALUES ('2015-03-10 13:00:00', N'doc0000002', N'pat0000019', N'DHEA', '2015-03-27', N'normal')
INSERT [dbo].[appointment_has_tests]([appointment_date], [appointment_doctorID], [appointment_patientID], [tests_testCode], [testDate], [results]) VALUES ('2015-03-10 13:00:00', N'doc0000002', N'pat0000019', N'FLU', '2015-03-27', N'abnormal')
INSERT [dbo].[appointment_has_tests]([appointment_date], [appointment_doctorID], [appointment_patientID], [tests_testCode], [testDate], [results]) VALUES ('2015-03-10 13:00:00', N'doc0000002', N'pat0000019', N'HEPA-B', '2015-03-27', N'normal')
INSERT [dbo].[appointment_has_tests]([appointment_date], [appointment_doctorID], [appointment_patientID], [tests_testCode], [testDate], [results]) VALUES ('2015-03-10 13:00:00', N'doc0000002', N'pat0000019', N'LDL', '2015-03-27', N'normal')
INSERT [dbo].[appointment_has_tests]([appointment_date], [appointment_doctorID], [appointment_patientID], [tests_testCode], [testDate], [results]) VALUES ('2016-06-29 15:30:00', N'doc0000003', N'pat0000020', N'HDL', '2016-06-29', N'normal')
INSERT [dbo].[appointment_has_tests]([appointment_date], [appointment_doctorID], [appointment_patientID], [tests_testCode], [testDate], [results]) VALUES ('2016-06-29 15:30:00', N'doc0000003', N'pat0000020', N'HEPA-A', '2016-06-29', N'normal')
INSERT [dbo].[appointment_has_tests]([appointment_date], [appointment_doctorID], [appointment_patientID], [tests_testCode], [testDate], [results]) VALUES ('2016-06-29 15:30:00', N'doc0000003', N'pat0000020', N'TSH', '2016-06-29', N'normal')
INSERT [dbo].[appointment_has_tests]([appointment_date], [appointment_doctorID], [appointment_patientID], [tests_testCode], [testDate], [results]) VALUES ('2016-06-29 15:30:00', N'doc0000003', N'pat0000020', N'WBC', '2016-06-29', N'abnormal')
INSERT [dbo].[appointment_has_tests]([appointment_date], [appointment_doctorID], [appointment_patientID], [tests_testCode], [testDate], [results]) VALUES ('2013-06-10 13:00:00', N'doc0000005', N'pat0000021', N'DHEA', '2014-10-02', N'normal')
INSERT [dbo].[appointment_has_tests]([appointment_date], [appointment_doctorID], [appointment_patientID], [tests_testCode], [testDate], [results]) VALUES ('2013-06-10 13:00:00', N'doc0000005', N'pat0000021', N'FLU', '2014-10-02', N'normal')
INSERT [dbo].[appointment_has_tests]([appointment_date], [appointment_doctorID], [appointment_patientID], [tests_testCode], [testDate], [results]) VALUES ('2013-06-10 13:00:00', N'doc0000005', N'pat0000021', N'HEPA-B', '2014-10-02', N'normal')
INSERT [dbo].[appointment_has_tests]([appointment_date], [appointment_doctorID], [appointment_patientID], [tests_testCode], [testDate], [results]) VALUES ('2016-06-20 15:20:00', N'doc0000006', N'pat0000022', N'HDL', '2016-06-20', N'normal')
INSERT [dbo].[appointment_has_tests]([appointment_date], [appointment_doctorID], [appointment_patientID], [tests_testCode], [testDate], [results]) VALUES ('2016-06-20 15:20:00', N'doc0000006', N'pat0000022', N'TSH', '2016-06-20', N'normal')
INSERT [dbo].[appointment_has_tests]([appointment_date], [appointment_doctorID], [appointment_patientID], [tests_testCode], [testDate], [results]) VALUES ('2016-06-20 15:20:00', N'doc0000006', N'pat0000022', N'WBC', '2016-06-20', N'normal')
INSERT [dbo].[appointment_has_tests]([appointment_date], [appointment_doctorID], [appointment_patientID], [tests_testCode], [testDate], [results]) VALUES ('2016-07-20 9:00:00', N'doc0000004', N'pat0000023', N'DHEA', '2016-07-20', N'normal')
INSERT [dbo].[appointment_has_tests]([appointment_date], [appointment_doctorID], [appointment_patientID], [tests_testCode], [testDate], [results]) VALUES ('2016-07-20 9:00:00', N'doc0000004', N'pat0000023', N'FLU', '2016-07-20', N'normal')
INSERT [dbo].[appointment_has_tests]([appointment_date], [appointment_doctorID], [appointment_patientID], [tests_testCode], [testDate], [results]) VALUES ('2016-07-20 9:00:00', N'doc0000004', N'pat0000023', N'LDL', '2016-07-20', N'normal')
INSERT [dbo].[appointment_has_tests]([appointment_date], [appointment_doctorID], [appointment_patientID], [tests_testCode], [testDate], [results]) VALUES ('2016-08-20 16:00:00', N'doc0000006', N'pat0000024', N'HEPA-A', '2016-08-20', N'normal')
INSERT [dbo].[appointment_has_tests]([appointment_date], [appointment_doctorID], [appointment_patientID], [tests_testCode], [testDate], [results]) VALUES ('2016-08-20 16:00:00', N'doc0000006', N'pat0000024', N'TSH', '2016-08-20', N'normal')
INSERT [dbo].[appointment_has_tests]([appointment_date], [appointment_doctorID], [appointment_patientID], [tests_testCode], [testDate], [results]) VALUES ('2016-08-20 16:00:00', N'doc0000006', N'pat0000024', N'WBC', '2016-08-20', N'normal')
INSERT [dbo].[appointment_has_tests]([appointment_date], [appointment_doctorID], [appointment_patientID], [tests_testCode], [testDate], [results]) VALUES ('2016-09-20 15:20:00', N'doc0000006', N'pat0000025', N'FLU', '2016-09-20', N'normal')
INSERT [dbo].[appointment_has_tests]([appointment_date], [appointment_doctorID], [appointment_patientID], [tests_testCode], [testDate], [results]) VALUES ('2016-09-20 15:20:00', N'doc0000006', N'pat0000025', N'HEPA-B', '2016-09-20', N'normal')
INSERT [dbo].[appointment_has_tests]([appointment_date], [appointment_doctorID], [appointment_patientID], [tests_testCode], [testDate], [results]) VALUES ('2016-09-20 15:20:00', N'doc0000006', N'pat0000025', N'LDL', '2016-09-20', N'normal')
INSERT [dbo].[appointment_has_tests]([appointment_date], [appointment_doctorID], [appointment_patientID], [tests_testCode], [testDate], [results]) VALUES ('2016-10-20 16:00:00', N'doc0000006', N'pat0000026', N'HDL', '2016-10-20', N'normal')
INSERT [dbo].[appointment_has_tests]([appointment_date], [appointment_doctorID], [appointment_patientID], [tests_testCode], [testDate], [results]) VALUES ('2016-10-20 16:00:00', N'doc0000006', N'pat0000026', N'HEPA-A', '2016-10-20', N'normal')
INSERT [dbo].[appointment_has_tests]([appointment_date], [appointment_doctorID], [appointment_patientID], [tests_testCode], [testDate], [results]) VALUES ('2016-10-20 16:00:00', N'doc0000006', N'pat0000026', N'WBC', '2016-10-20', N'normal')
INSERT [dbo].[appointment_has_tests]([appointment_date], [appointment_doctorID], [appointment_patientID], [tests_testCode], [testDate], [results]) VALUES ('2015-08-06 11:35:00', N'doc0000003', N'pat0000027', N'DHEA', '2015-08-08', N'normal')
INSERT [dbo].[appointment_has_tests]([appointment_date], [appointment_doctorID], [appointment_patientID], [tests_testCode], [testDate], [results]) VALUES ('2015-08-06 11:35:00', N'doc0000003', N'pat0000027', N'HEPA-B', '2015-08-08', N'normal')
INSERT [dbo].[appointment_has_tests]([appointment_date], [appointment_doctorID], [appointment_patientID], [tests_testCode], [testDate], [results]) VALUES ('2015-08-06 11:35:00', N'doc0000003', N'pat0000027', N'LDL', '2015-08-08', N'abnormal')
INSERT [dbo].[appointment_has_tests]([appointment_date], [appointment_doctorID], [appointment_patientID], [tests_testCode], [testDate], [results]) VALUES ('2016-08-20 13:00:00', N'doc0000006', N'pat0000028', N'HDL', '2016-08-20', N'abnormal')
INSERT [dbo].[appointment_has_tests]([appointment_date], [appointment_doctorID], [appointment_patientID], [tests_testCode], [testDate], [results]) VALUES ('2016-08-20 13:00:00', N'doc0000006', N'pat0000028', N'HEPA-A', '2016-08-20', N'abnormal')
INSERT [dbo].[appointment_has_tests]([appointment_date], [appointment_doctorID], [appointment_patientID], [tests_testCode], [testDate], [results]) VALUES ('2016-08-20 13:00:00', N'doc0000006', N'pat0000028', N'TSH', '2016-08-20', N'normal')
INSERT [dbo].[appointment_has_tests]([appointment_date], [appointment_doctorID], [appointment_patientID], [tests_testCode], [testDate], [results]) VALUES ('2015-06-18 10:30:00', N'doc0000002', N'pat0000029', N'DHEA', '2015-06-18', N'abnormal')
INSERT [dbo].[appointment_has_tests]([appointment_date], [appointment_doctorID], [appointment_patientID], [tests_testCode], [testDate], [results]) VALUES ('2015-06-18 10:30:00', N'doc0000002', N'pat0000029', N'FLU', '2015-06-18', N'normal')
INSERT [dbo].[appointment_has_tests]([appointment_date], [appointment_doctorID], [appointment_patientID], [tests_testCode], [testDate], [results]) VALUES ('2015-06-18 10:30:00', N'doc0000002', N'pat0000029', N'HEPA-B', '2015-06-18', N'abnormal')
INSERT [dbo].[appointment_has_tests]([appointment_date], [appointment_doctorID], [appointment_patientID], [tests_testCode], [testDate], [results]) VALUES ('2016-06-20 9:00:00', N'doc0000006', N'pat0000030', N'HDL', '2016-06-20', N'normal')
INSERT [dbo].[appointment_has_tests]([appointment_date], [appointment_doctorID], [appointment_patientID], [tests_testCode], [testDate], [results]) VALUES ('2016-06-20 9:00:00', N'doc0000006', N'pat0000030', N'TSH', '2016-06-20', N'abnormal')
INSERT [dbo].[appointment_has_tests]([appointment_date], [appointment_doctorID], [appointment_patientID], [tests_testCode], [testDate], [results]) VALUES ('2016-06-20 9:00:00', N'doc0000006', N'pat0000030', N'WBC', '2016-06-20', N'abnormal')
INSERT [dbo].[appointment_has_tests]([appointment_date], [appointment_doctorID], [appointment_patientID], [tests_testCode], [testDate], [results]) VALUES ('2016-05-20 13:00:00', N'doc0000004', N'pat0000031', N'DHEA', '2016-05-20', N'normal')
INSERT [dbo].[appointment_has_tests]([appointment_date], [appointment_doctorID], [appointment_patientID], [tests_testCode], [testDate], [results]) VALUES ('2016-05-20 13:00:00', N'doc0000004', N'pat0000031', N'FLU', '2016-05-20', N'normal')
INSERT [dbo].[appointment_has_tests]([appointment_date], [appointment_doctorID], [appointment_patientID], [tests_testCode], [testDate], [results]) VALUES ('2016-05-20 13:00:00', N'doc0000004', N'pat0000031', N'LDL', '2016-05-20', N'normal')
INSERT [dbo].[appointment_has_tests]([appointment_date], [appointment_doctorID], [appointment_patientID], [tests_testCode], [testDate], [results]) VALUES ('2016-01-23 8:00:00', N'doc0000001', N'pat0000032', N'HEPA-A', '2016-01-23', N'abnormal')
INSERT [dbo].[appointment_has_tests]([appointment_date], [appointment_doctorID], [appointment_patientID], [tests_testCode], [testDate], [results]) VALUES ('2016-01-23 8:00:00', N'doc0000001', N'pat0000032', N'TSH', '2016-04-20', N'normal')
INSERT [dbo].[appointment_has_tests]([appointment_date], [appointment_doctorID], [appointment_patientID], [tests_testCode], [testDate], [results]) VALUES ('2016-01-23 8:00:00', N'doc0000001', N'pat0000032', N'WBC', '2016-04-20', N'normal')
INSERT [dbo].[appointment_has_tests]([appointment_date], [appointment_doctorID], [appointment_patientID], [tests_testCode], [testDate], [results]) VALUES ('2016-02-26 10:00:00', N'doc0000002', N'pat0000033', N'FLU', '2016-02-26', N'normal')
INSERT [dbo].[appointment_has_tests]([appointment_date], [appointment_doctorID], [appointment_patientID], [tests_testCode], [testDate], [results]) VALUES ('2016-02-26 10:00:00', N'doc0000002', N'pat0000033', N'HEPA-B', '2016-02-26', N'abnormal')
INSERT [dbo].[appointment_has_tests]([appointment_date], [appointment_doctorID], [appointment_patientID], [tests_testCode], [testDate], [results]) VALUES ('2016-02-26 10:00:00', N'doc0000002', N'pat0000033', N'LDL', '2016-02-26', N'normal')
INSERT [dbo].[appointment_has_tests]([appointment_date], [appointment_doctorID], [appointment_patientID], [tests_testCode], [testDate], [results]) VALUES ('2016-03-29 11:00:00', N'doc0000003', N'pat0000034', N'HDL', '2016-03-29', N'abnormal')
INSERT [dbo].[appointment_has_tests]([appointment_date], [appointment_doctorID], [appointment_patientID], [tests_testCode], [testDate], [results]) VALUES ('2016-03-29 11:00:00', N'doc0000003', N'pat0000034', N'HEPA-A', '2016-03-29', N'normal')
INSERT [dbo].[appointment_has_tests]([appointment_date], [appointment_doctorID], [appointment_patientID], [tests_testCode], [testDate], [results]) VALUES ('2016-03-29 11:00:00', N'doc0000003', N'pat0000034', N'WBC', '2016-03-29', N'normal')
INSERT [dbo].[appointment_has_tests]([appointment_date], [appointment_doctorID], [appointment_patientID], [tests_testCode], [testDate], [results]) VALUES ('2016-05-02 10:00:00', N'doc0000002', N'pat0000035', N'DHEA', '2016-05-02', N'normal')
INSERT [dbo].[appointment_has_tests]([appointment_date], [appointment_doctorID], [appointment_patientID], [tests_testCode], [testDate], [results]) VALUES ('2016-05-02 10:00:00', N'doc0000002', N'pat0000035', N'HEPA-B', '2016-05-02', N'normal')
INSERT [dbo].[appointment_has_tests]([appointment_date], [appointment_doctorID], [appointment_patientID], [tests_testCode], [testDate], [results]) VALUES ('2016-05-02 10:00:00', N'doc0000002', N'pat0000035', N'LDL', '2016-05-02', N'normal')
INSERT [dbo].[appointment_has_tests]([appointment_date], [appointment_doctorID], [appointment_patientID], [tests_testCode], [testDate], [results]) VALUES ('2016-02-01 12:00:00', N'doc0000004', N'pat0000036', N'HDL', '2016-02-01', N'normal')
INSERT [dbo].[appointment_has_tests]([appointment_date], [appointment_doctorID], [appointment_patientID], [tests_testCode], [testDate], [results]) VALUES ('2016-02-01 12:00:00', N'doc0000004', N'pat0000036', N'HEPA-A', '2016-02-01', N'normal')
INSERT [dbo].[appointment_has_tests]([appointment_date], [appointment_doctorID], [appointment_patientID], [tests_testCode], [testDate], [results]) VALUES ('2016-06-05 13:00:00', N'doc0000004', N'pat0000036', N'TSH', '2016-06-05', N'normal')
INSERT [dbo].[appointment_has_tests]([appointment_date], [appointment_doctorID], [appointment_patientID], [tests_testCode], [testDate], [results]) VALUES ('2016-03-03 14:30:00', N'doc0000001', N'pat0000037', N'DHEA', '2016-03-03', N'normal')
INSERT [dbo].[appointment_has_tests]([appointment_date], [appointment_doctorID], [appointment_patientID], [tests_testCode], [testDate], [results]) VALUES ('2016-03-03 14:30:00', N'doc0000001', N'pat0000037', N'FLU', '2016-03-03', N'normal')
INSERT [dbo].[appointment_has_tests]([appointment_date], [appointment_doctorID], [appointment_patientID], [tests_testCode], [testDate], [results]) VALUES ('2016-03-03 14:30:00', N'doc0000001', N'pat0000037', N'HEPA-B', '2016-03-03', N'normal')
INSERT [dbo].[appointment_has_tests]([appointment_date], [appointment_doctorID], [appointment_patientID], [tests_testCode], [testDate], [results]) VALUES ('2016-04-05 12:00:00', N'doc0000005', N'pat0000038', N'HDL', '2016-04-05', N'normal')
INSERT [dbo].[appointment_has_tests]([appointment_date], [appointment_doctorID], [appointment_patientID], [tests_testCode], [testDate], [results]) VALUES ('2016-04-05 12:00:00', N'doc0000005', N'pat0000038', N'TSH', '2016-04-05', N'normal')
INSERT [dbo].[appointment_has_tests]([appointment_date], [appointment_doctorID], [appointment_patientID], [tests_testCode], [testDate], [results]) VALUES ('2016-08-11 14:00:00', N'doc0000005', N'pat0000038', N'WBC', '2016-08-11', N'normal')
INSERT [dbo].[appointment_has_tests]([appointment_date], [appointment_doctorID], [appointment_patientID], [tests_testCode], [testDate], [results]) VALUES ('2015-09-20 14:15:00', N'doc0000004', N'pat0000039', N'DHEA', '2015-09-20', N'normal')
INSERT [dbo].[appointment_has_tests]([appointment_date], [appointment_doctorID], [appointment_patientID], [tests_testCode], [testDate], [results]) VALUES ('2015-09-20 14:15:00', N'doc0000004', N'pat0000039', N'FLU', '2015-09-20', N'normal')
INSERT [dbo].[appointment_has_tests]([appointment_date], [appointment_doctorID], [appointment_patientID], [tests_testCode], [testDate], [results]) VALUES ('2015-09-20 14:15:00', N'doc0000004', N'pat0000039', N'LDL', '2015-09-20', N'normal')
INSERT [dbo].[appointment_has_tests]([appointment_date], [appointment_doctorID], [appointment_patientID], [tests_testCode], [testDate], [results]) VALUES ('2016-06-09 9:15:00', N'doc0000003', N'pat0000040', N'HEPA-A', '2016-06-09', N'normal')
INSERT [dbo].[appointment_has_tests]([appointment_date], [appointment_doctorID], [appointment_patientID], [tests_testCode], [testDate], [results]) VALUES ('2016-06-09 9:15:00', N'doc0000003', N'pat0000040', N'TSH', '2016-06-09', N'abnormal')
INSERT [dbo].[appointment_has_tests]([appointment_date], [appointment_doctorID], [appointment_patientID], [tests_testCode], [testDate], [results]) VALUES ('2016-06-09 9:15:00', N'doc0000003', N'pat0000040', N'WBC', '2016-06-09', N'normal')
INSERT [dbo].[appointment_has_tests]([appointment_date], [appointment_doctorID], [appointment_patientID], [tests_testCode], [testDate], [results]) VALUES ('2016-07-12 12:00:00', N'doc0000002', N'pat0000041', N'FLU', '2016-07-12', N'abnormal')
INSERT [dbo].[appointment_has_tests]([appointment_date], [appointment_doctorID], [appointment_patientID], [tests_testCode], [testDate], [results]) VALUES ('2016-07-12 12:00:00', N'doc0000002', N'pat0000041', N'HEPA-B', '2016-07-12', N'normal')
INSERT [dbo].[appointment_has_tests]([appointment_date], [appointment_doctorID], [appointment_patientID], [tests_testCode], [testDate], [results]) VALUES ('2016-07-12 12:00:00', N'doc0000002', N'pat0000041', N'LDL', '2016-07-12', N'abnormal')
INSERT [dbo].[appointment_has_tests]([appointment_date], [appointment_doctorID], [appointment_patientID], [tests_testCode], [testDate], [results]) VALUES ('2016-10-07 15:00:00', N'doc0000001', N'pat0000042', N'HDL', '2016-10-07', N'normal')
INSERT [dbo].[appointment_has_tests]([appointment_date], [appointment_doctorID], [appointment_patientID], [tests_testCode], [testDate], [results]) VALUES ('2016-10-07 15:00:00', N'doc0000001', N'pat0000042', N'HEPA-A', '2016-10-07', N'abnormal')
INSERT [dbo].[appointment_has_tests]([appointment_date], [appointment_doctorID], [appointment_patientID], [tests_testCode], [testDate], [results]) VALUES ('2016-10-07 15:00:00', N'doc0000001', N'pat0000042', N'WBC', '2016-10-07', N'normal')